"","sample","date","treatment","ND35_MAG_00002","ND35_MAG_00003","ND35_MAG_00005","ND35_MAG_00006","ND35_MAG_00007","ND35_MAG_00008","ND35_MAG_00009","ND35_MAG_00010","ND35_MAG_00012","ND35_MAG_00014","ND35_MAG_00015","ND35_MAG_00016","ND35_MAG_00018","ND35_MAG_00020","ND35_MAG_00021","ND35_MAG_00022","ND35_MAG_00023","ND35_MAG_00024","ND35_MAG_00026","ND35_MAG_00027","ND35_MAG_00028","ND35_MAG_00029","ND35_MAG_00030","ND35_MAG_00031","ND35_MAG_00032","ND35_MAG_00034","ND35_MAG_00035","ND35_MAG_00036","ND35_MAG_00037","ND35_MAG_00038","ND35_MAG_00039","ND35_MAG_00040","ND35_MAG_00041","ND35_MAG_00042","ND35_MAG_00043","ND35_MAG_00044","ND35_MAG_00045","ND42_MAG_00001","ND42_MAG_00002","ND42_MAG_00003","ND42_MAG_00005","ND42_MAG_00006","ND42_MAG_00007","ND42_MAG_00008","ND42_MAG_00009","ND42_MAG_00011","ND42_MAG_00012","ND42_MAG_00013","ND42_MAG_00014","ND42_MAG_00015","ND42_MAG_00016","ND42_MAG_00017","ND42_MAG_00018","ND42_MAG_00019","ND42_MAG_00021","ND42_MAG_00022","ND42_MAG_00023","ND42_MAG_00024","ND42_MAG_00025","ND42_MAG_00026","ND42_MAG_00028","ND42_MAG_00029","ND42_MAG_00030","ND42_MAG_00031","ND42_MAG_00032","ND42_MAG_00033","ND42_MAG_00034","ND42_MAG_00035","ND42_MAG_00036","ND42_MAG_00037","ND42_MAG_00038","ND42_MAG_00039","ND42_MAG_00040","ND42_MAG_00041","ND42_MAG_00042","ND42_MAG_00043","ND42_MAG_00045","ND42_MAG_00046","ND42_MAG_00047","ND42_MAG_00048","ND42_MAG_00049","ND42_MAG_00050","ND42_MAG_00051","ND42_MAG_00052","ND42_MAG_00053","ND42_MAG_00054","ND42_MAG_00055","ND42_MAG_00056","ND42_MAG_00057","ND42_MAG_00058","ND42_MAG_00059","ND42_MAG_00060","ND42_MAG_00061","ND42_MAG_00062","ND42_MAG_00063","ND42_MAG_00064","ND42_MAG_00065","ND42_MAG_00066","ND42_MAG_00067","ND42_MAG_00068","ND42_MAG_00069","ND42_MAG_00070","ND42_MAG_00071","ND42_MAG_00072","ND42_MAG_00073","ND42_MAG_00074","ND42_MAG_00075","ND42_MAG_00076","ND42_MAG_00077","ND42_MAG_00078","ND42_MAG_00079","ND50_MAG_00001","ND50_MAG_00002","ND50_MAG_00003","ND50_MAG_00006","ND50_MAG_00007","ND50_MAG_00009","ND50_MAG_00010","ND50_MAG_00012","ND50_MAG_00014","ND50_MAG_00015","ND50_MAG_00016","ND50_MAG_00017","ND50_MAG_00018","ND50_MAG_00020","ND50_MAG_00021","ND50_MAG_00022","ND50_MAG_00023","ND50_MAG_00024","ND50_MAG_00025","ND50_MAG_00027","ND50_MAG_00029","ND50_MAG_00030","ND50_MAG_00031","ND50_MAG_00033","ND50_MAG_00035","ND50_MAG_00036","ND50_MAG_00037","ND50_MAG_00038","ND50_MAG_00039","ND50_MAG_00040","ND50_MAG_00041","ND50_MAG_00042","ND50_MAG_00043","ND50_MAG_00044","ND50_MAG_00045","ND50_MAG_00046","ND50_MAG_00048","ND50_MAG_00050","ND50_MAG_00051","ND50_MAG_00052","ND50_MAG_00053","ND50_MAG_00054","ND50_MAG_00055","ND50_MAG_00056","ND50_MAG_00057","ND50_MAG_00058","ND50_MAG_00059","ND50_MAG_00060","ND57_MAG_00001","ND57_MAG_00002","ND57_MAG_00003","ND57_MAG_00004","ND57_MAG_00005","ND57_MAG_00006","ND57_MAG_00007","ND57_MAG_00009","ND57_MAG_00010","ND57_MAG_00011","ND57_MAG_00012","ND57_MAG_00014","ND57_MAG_00016","ND57_MAG_00017","ND57_MAG_00018","ND57_MAG_00020","ND57_MAG_00021","ND57_MAG_00023","ND57_MAG_00025","ND57_MAG_00026","ND57_MAG_00027","ND57_MAG_00028","ND57_MAG_00029","ND57_MAG_00030","ND57_MAG_00031","ND57_MAG_00032","ND57_MAG_00033","ND57_MAG_00034","ND57_MAG_00035","ND57_MAG_00036","ND57_MAG_00037","ND57_MAG_00038","ND57_MAG_00040","ND57_MAG_00041","ND57_MAG_00042","ND57_MAG_00043","ND57_MAG_00044","ND57_MAG_00045","ND57_MAG_00046","ND57_MAG_00047","ND57_MAG_00048","ND57_MAG_00049","ND57_MAG_00050","ND57_MAG_00051","ND57_MAG_00053","ND57_MAG_00054","ND57_MAG_00055","ND57_MAG_00056","ND57_MAG_00057","ND57_MAG_00058","ND57_MAG_00059","ND57_MAG_00060","ND57_MAG_00061","ND57_MAG_00062","ND57_MAG_00063"
"1","ND35","7/19/19","control",23.3033010638298,31.9867601547389,17.8298460348162,15.2679484526112,34.635252417795,19.1452967117988,23.7005686653772,32.0439243713733,90.518551450677,43.8636179883946,16.4722894584139,25.5097749516441,11.8400379400387,28.4119755319149,13.2819472920696,32.5030970019342,49.3577080270793,39.6285130560928,49.6414705996132,14.3081335589942,8.43522142166344,5.51235464216634,85.0944133462282,19.3153296905222,68.1705989361702,12.581966344294,14.0100362669246,12.0998706382979,8.14631132495164,11.7458529690522,12.5372280464217,16.5650471953578,25.8205601547389,8.87885416827853,6.46136048355899,15.467836073501,35.82676827853,2.90525965183752,NA,NA,NA,NA,NA,NA,10.0411566441006,10.2248893230174,NA,NA,NA,NA,NA,NA,NA,10.4826697485493,NA,NA,19.1497131528046,NA,NA,NA,NA,25.2238790135397,NA,NA,2.39516321083172,NA,7.66536713733075,3.42261452611219,18.2137769825919,NA,6.34606267891683,NA,NA,10.2588572437137,10.8445833655706,54.4386362669246,NA,NA,2.72767880077369,NA,NA,NA,NA,2.30276352998066,5.4447668762089,7.01123733075435,NA,NA,NA,NA,NA,NA,NA,6.08400554158607,4.52366944874275,NA,12.5552306576402,4.85700844294004,73.8823172147002,NA,NA,NA,4.95775070599613,NA,5.84889867504836,44.6215740812379,NA,2.83957444874275,25.5174226305609,NA,NA,NA,4.50585272727273,NA,7.50816803675048,14.1932936170213,NA,89.6223008704062,NA,NA,3.21163215667311,NA,2.27810881044487,5.36283940038685,NA,8.07300838491296,7.85643435203095,NA,76.9206165377176,NA,11.1721273404255,NA,NA,9.01727715667311,NA,NA,NA,NA,6.65341827852998,3.53972382011605,NA,3.02947267891683,NA,4.89371979690522,6.91874408123791,13.2566962282398,5.80694747582205,21.3149294970986,NA,NA,NA,6.72068915860735,4.42032971953578,12.3336101547389,NA,6.00918179883946,42.290179787234,5.05427988394584,26.9395415860735,NA,NA,3.21737228239845,3.86482627659574,121.163561895551,NA,NA,NA,1.65187743713733,3.4322932688588,NA,24.8008238878143,NA,NA,4.32900295938104,3.18127349129594,NA,NA,6.89164909090909,3.98680363636364,4.18037849129594,NA,NA,NA,NA,NA,9.92052792069632,4.34778156673114,NA,22.954314893617,10.9437661508704,32.3872340425532,8.58262575435203,NA,3.04976335589942,NA,NA,NA,NA,NA,7.00274628626692,2.9290685106383,NA,NA,NA,NA,NA,8.53562683752418,6.41040174081238,8.15394403288201,10.581085270793,5.84601301740812,21.2491943907157,7.72255880077369,1.96976138297872
"2","ND36","7/19/19","control",14.3358753191489,26.0475026112186,17.4834971953578,11.4314172011605,30.8223132301741,16.7322818181818,25.306460483559,27.8527058994197,77.8657746615087,35.6454381237911,20.353208065764,30.9404199226306,8.9466316073501,24.8752925338491,13.640710967118,23.674802901354,36.1685001934236,30.3174152030948,46.8951352224371,12.2968143133462,5.60004706769826,4.53704180077369,56.5977593617021,18.2606826499033,61.9156667698259,10.7716109535783,12.9504658027079,10.108442106383,5.45146912572534,9.16501120502901,9.26636148162476,14.3281847582205,19.1015519535783,6.89148508897485,5.35203802514507,12.9113432495164,23.2679652998066,2.37298146615087,NA,NA,NA,NA,NA,NA,9.34755232688588,8.15569667698259,NA,NA,NA,NA,NA,NA,NA,4.28854776789168,NA,NA,17.1526183172147,NA,NA,NA,NA,22.1110555125725,NA,NA,2.08894341586073,NA,6.51791089555126,3.14834358800774,16.2215870019342,NA,6.1024970483559,NA,NA,8.98115599032882,9.95934568665377,40.8347076208898,NA,NA,1.80531183365571,NA,NA,NA,NA,2.61498124758221,4.93928007736944,4.21913064023211,NA,NA,NA,NA,NA,NA,NA,6.06320128433269,3.14059298065764,NA,11.2851833791103,3.50770179110251,61.3162187234042,NA,NA,NA,4.67886221083172,NA,5.28705740425532,36.4591133268859,NA,1.34591398259188,20.4083583945841,NA,NA,NA,3.13028000773694,NA,6.79367062282398,11.4486528336557,NA,87.2155567891683,NA,NA,2.35385090715667,NA,1.51363172147002,4.924103344294,NA,6.50404941005803,7.34574897098646,NA,83.342042959381,NA,10.3696082437137,NA,NA,6.28040651257253,NA,NA,NA,NA,6.40860331334623,3.13812876789168,NA,3.42140930947776,NA,4.98780451450677,6.44210921663443,8.63958423017408,5.53947523984526,18.7508115667311,NA,NA,NA,5.96561661121857,3.77792916441006,9.7617848762089,NA,6.11471649516441,41.0218215087041,4.39348235396518,20.0503662475822,NA,NA,3.06480862282398,2.9547539245648,81.3545987814313,NA,NA,NA,1.49338799419729,2.6739733926499,NA,22.3512296518375,NA,NA,2.92199975628627,3.27782330367505,NA,NA,6.47821674661509,3.82184503868472,4.05509767311412,NA,NA,NA,NA,NA,8.08460633268859,4.14869272340425,NA,17.1858978916828,10.1625069806576,28.2185156286267,7.68961519729207,NA,3.37203382978723,NA,NA,NA,NA,NA,5.38922870019342,2.42609368085106,NA,NA,NA,NA,NA,7.62469346808511,6.15961043326886,6.38363439458414,8.96146769245648,5.24164845261122,15.4633277176015,6.50360599032882,1.37909194003868
"3","ND37","7/19/19","control",17.0327017794971,27.6203785299807,17.2126414700193,14.0840202321083,30.5887963829787,20.3064277176015,24.3681969825919,31.9780045261122,51.1943447775629,38.7078381818182,18.0569232882012,23.78857655706,10.3365219883946,23.7398169632495,11.4700410676983,26.9227394584139,43.641409729207,38.5712455705996,48.5333248742747,15.9731991295938,5.80104499226305,4.44356756866538,63.419700483559,12.1384267311412,40.5395105802708,10.0274768027079,13.7014106382979,10.2629822359768,5.92766260928433,7.43445616247582,9.8314428065764,16.1793795357834,27.5567902901354,7.37166629787234,6.43590124371373,14.0777741199226,29.7944834622824,2.7259689032882,NA,NA,NA,NA,NA,NA,8.46898727852998,7.58669927659574,NA,NA,NA,NA,NA,NA,NA,5.29288619535783,NA,NA,18.9522776402321,NA,NA,NA,NA,23.743268762089,NA,NA,2.39222339651838,NA,6.92843301934236,2.78152642746615,15.4059770019342,NA,6.53167692069632,NA,NA,9.73860468085106,9.77043989361702,48.9193627852998,NA,NA,1.82413479690522,NA,NA,NA,NA,1.62786011411992,6.12478380464217,5.37835226499033,NA,NA,NA,NA,NA,NA,NA,7.32587008510638,3.10816874274661,NA,11.2949738143133,4.43548636750484,66.2677163056093,NA,NA,NA,4.51113242166344,NA,6.41643145454545,42.2601618568665,NA,1.3970322205029,25.9649944294004,NA,NA,NA,3.5205319032882,NA,7.21540430367505,10.8102790309478,NA,77.685902901354,NA,NA,2.24872249129594,NA,1.53907374274662,4.84281506769826,NA,8.51538227272727,9.23378497098646,NA,69.4412226692456,NA,9.17031413926499,NA,NA,8.68736051837524,NA,NA,NA,NA,6.82435658800774,2.77417080851064,NA,2.6870434139265,NA,4.87250758220503,6.906470655706,11.2192784487427,5.41098467891683,20.1406474468085,NA,NA,NA,5.64488514313346,3.69785808897485,12.8786614700193,NA,5.73297528433269,42.5401802321083,5.02138108317215,24.2254169632495,NA,NA,2.65367954738878,3.23238418955513,90.5279565183752,NA,NA,NA,1.77660094390716,2.7125714622824,NA,20.4259961508704,NA,NA,3.64537430947776,2.70145760928433,NA,NA,7.21394257253385,3.60424037330754,4.02393567117988,NA,NA,NA,NA,NA,8.54259043133462,4.39881276595745,NA,24.8589042359768,8.95481739845261,32.9320159767892,8.04146438104449,NA,2.70592381431335,NA,NA,NA,NA,NA,5.45934391102514,2.3944447582205,NA,NA,NA,NA,NA,7.33995905996131,4.23774995357834,6.90863800967118,10.4825319052224,6.58722387814313,16.3444201353965,7.26870876595745,1.37619227852998
"4","ND38","7/19/19","quagga",2.153651,0.8021355,0.1506026,0.6701284,3.104826,0.509885,0.3861272,2.251753,1.640233,2.443163,0.05669247,1.107208,9.273867,1.532721,0.4238157,0.3544238,22.51619,1.362469,2.633004,0.4212022,5.010428,0.2321277,1.346507,0.2738313,1.071548,0.5804979,0.07952616,0.3087922,0.2840034,0.1039207,0.9903393,0.3993551,1.405962,3.185399,0.03333967,4.320576,4.88557,0.1665711,NA,NA,NA,NA,NA,NA,0.4305259,0.01174045,NA,NA,NA,NA,NA,NA,NA,6.328456,NA,NA,0.5353791,NA,NA,NA,NA,3.47731,NA,NA,0.04983376,NA,1.083229,0.1185396,0.8148635,NA,0.110124,NA,NA,2.65186,1.96345,25.50589,NA,NA,2.076083,NA,NA,NA,NA,0.4406662,0.01371467,3.230336,NA,NA,NA,NA,NA,NA,NA,0.0330968,2.61449,NA,0.4860717,1.587936,69.95868,NA,NA,NA,1.715876,NA,2.346319,13.48628,NA,2.135542,4.68388,NA,NA,NA,1.308844,NA,3.262915,0.04662815,NA,3.984601,NA,NA,0.0004629505,NA,0.8516277,0.272732,NA,2.137957,1.139934,NA,1.56619,NA,1.387138,NA,NA,0.382379,NA,NA,NA,NA,0.12993,0.006611964,NA,0.01688984,NA,0.03046713,3.676491,1.501049,0.02553958,2.894854,NA,NA,NA,0.08647769,0.03499589,3.207679,NA,3.119806,2.27139,0.1017014,12.38678,NA,NA,0.005169054,0.2683795,2.02143,NA,NA,NA,0.0002149379,0.2575827,NA,3.970884,NA,NA,0.2568969,0.4420848,NA,NA,0.8883011,0.0001461508,0.2328802,NA,NA,NA,NA,NA,0.0831163,0.1643589,NA,1.183815,1.2888,9.566437,3.646445,NA,0.01192749,NA,NA,NA,NA,NA,0.3522162,0.02003921,NA,NA,NA,NA,NA,0.1466124,0.0382134,0.3802152,4.253187,0.8264451,15.55235,3.145541,0.0007105785
"5","ND39","7/19/19","quagga",6.36106049903288,4.14345147485493,1.71568464603482,2.5670130696325,8.52775303288201,2.7998592417795,2.58256016441006,7.36734032688588,7.85616828723404,8.14069065957447,1.14291965116054,4.68635239748549,13.9538361508704,4.77771363539652,2.05753080367505,1.85610476112186,61.0435453578337,5.54044641005803,12.3041874468085,2.251389155706,7.03255456963249,1.05953169081238,7.9038841934236,1.85321541295938,5.55961315473888,2.21368426499033,1.26157665183752,1.61620063926499,0.99296897582205,0.965154894874275,2.97152548839458,2.57935345357834,5.99371872340425,9.5922879032882,0.804395508704062,12.5115637330754,17.928613655706,0.643668839071567,NA,NA,NA,NA,NA,NA,1.82098043326886,0.509337676015474,NA,NA,NA,NA,NA,NA,NA,8.6721077098646,NA,NA,3.01836650290135,NA,NA,NA,NA,12.8794961218569,NA,NA,0.382538055996131,NA,2.9944834303675,0.394729806382979,2.96946937040619,NA,1.03227330087041,NA,NA,8.15880238781431,7.36381625338491,69.5798169439071,NA,NA,2.9282195754352,NA,NA,NA,NA,1.29042234526112,0.84214255106383,4.3684603820116,NA,NA,NA,NA,NA,NA,NA,0.958666482495164,4.4664139410058,NA,1.94230364796905,4.01965675241779,148.806699323017,NA,NA,NA,4.96001214410058,NA,7.58868547195358,45.0769314410058,NA,2.96222884526112,25.5636855415861,NA,NA,NA,3.46160574468085,NA,9.08216723597679,0.877123636847195,NA,13.9837711702128,NA,NA,0.16927548868472,NA,2.67644069825919,1.16588825357834,NA,7.87969356092843,4.11205952804642,NA,6.57276835686654,NA,3.75507431334623,NA,NA,1.78067905029014,NA,NA,NA,NA,1.10353151295938,0.205953790812379,NA,0.103405727117988,NA,0.59400060106383,10.2669470232108,6.36611011895551,0.358725440425532,11.0518437205029,NA,NA,NA,0.484599562282398,0.249744815280464,13.923055647969,NA,9.1357598655706,10.8211357640232,0.76104045967118,34.1424273597679,NA,NA,0.162588203868472,1.27246010831721,11.5707071779497,NA,NA,NA,0.0110973319613153,0.976496873017408,NA,9.93408627272727,NA,NA,0.937037297582205,1.24878534332689,NA,NA,3.49188998549323,0.0367021472147002,1.6719327098646,NA,NA,NA,NA,NA,1.07039946295938,1.21452230589942,NA,5.2386651450677,3.63683405029014,25.0111068955513,10.4072066189555,NA,0.0870755185106383,NA,NA,NA,NA,NA,1.22975583655706,0.233475505996132,NA,NA,NA,NA,NA,0.720475138781431,0.477629714410058,1.19491137601547,13.3112686460348,3.17779774468085,31.7145049129594,9.03000212572534,0.0124230330270793
"6","ND40","7/19/19","quagga",7.22445553965184,3.75792010444874,1.04448658297872,2.54255380270793,11.9763276982592,2.27769676208897,1.65008826305609,9.66567487427466,5.74913122243714,9.22577327272727,0.72456425377176,4.11735560928433,13.1272743907157,7.01725204255319,1.69536232108317,2.0398447311412,49.3057701353965,4.69010329980658,10.1462779613153,1.98527459961315,5.6636565377176,1.53468838297872,7.21951962088975,1.53358716441006,4.4283251992263,3.41208940038685,1.03531918994197,2.19700371373308,1.07837661237911,1.07446667156673,2.863825655706,2.15769076982592,5.54571994197292,8.47406694390716,0.610840014700193,11.9717439458414,15.5030779883946,0.88913125106383,NA,NA,NA,NA,NA,NA,2.74854316441006,0.520182112185687,NA,NA,NA,NA,NA,NA,NA,8.72150013539652,NA,NA,2.6277109787234,NA,NA,NA,NA,11.655990483559,NA,NA,0.616789501740812,NA,4.579907655706,0.263227907930367,4.03663349323017,NA,1.42719827079304,NA,NA,6.96559538878143,5.60820878529981,56.3874775628627,NA,NA,3.47264859574468,NA,NA,NA,NA,2.41157251837524,0.688511364023211,5.13275515280464,NA,NA,NA,NA,NA,NA,NA,0.725093956673114,4.38299859574468,NA,3.50664997678917,3.56963632495164,134.410601934236,NA,NA,NA,5.23559555125725,NA,5.86544338104449,28.4505910251451,NA,3.60899846034816,16.2985490909091,NA,NA,NA,2.68881910638298,NA,8.98001706382979,0.880583782591876,NA,20.0073861508704,NA,NA,0.0794753130367505,NA,2.01502315280464,1.7220889516441,NA,7.47604205802708,4.37085947775629,NA,4.26855683172147,NA,5.56992662669246,NA,NA,2.10947528433269,NA,NA,NA,NA,1.47896113346228,0.648813832108317,NA,0.0612684360154739,NA,0.652166902901354,9.85562110251451,5.02068911411992,0.401012375241779,9.75966639458414,NA,NA,NA,1.39963314893617,0.796200478143133,8.36746786847195,NA,7.52819845261122,8.77100913346228,0.793365035976789,26.155729787234,NA,NA,0.618595276595745,1.12488414700193,10.8967187272727,NA,NA,NA,0.123568574081238,1.41939471179884,NA,16.5505772147002,NA,NA,1.16678523404255,2.12156073887814,NA,NA,3.64447223210832,0.00613204895551257,1.19516648742747,NA,NA,NA,NA,NA,0.865432580270793,0.952065836363636,NA,4.76301850290135,5.33014159381044,20.7096729206963,9.82384228239845,NA,0.0513534105996131,NA,NA,NA,NA,NA,1.09710347698259,0.52274722475822,NA,NA,NA,NA,NA,2.02377700193424,0.392659436750484,1.25495650676983,10.2809038878143,3.3099175589942,32.8722351257253,7.73408384139265,0.00297644957059961
"7","ND41","7/19/19","quagga",6.6936979787234,5.04725661702128,1.12521116808511,3.3202330212766,26.9321725531915,2.66064236170213,2.08181585106383,15.2111291489362,8.0529769787234,9.97745827659575,0.654800476595745,2.89885021276596,9.94199942553192,15.0487276595745,2.6826564893617,2.40854106382979,73.9200982978723,6.74292536170213,9.88347134042553,2.40480574468085,8.32936997872341,3.85859074468085,8.96758563829787,1.60503753191489,6.06852319148936,9.03065553191489,0.852588414893617,5.29698817021277,1.41440770212766,1.51710108510638,3.37205208510638,1.96108985106383,7.2420294893617,12.7937591489362,0.592543985106383,19.7375234042553,15.0000957446809,1.04876677021277,NA,NA,NA,NA,NA,NA,7.52460880851064,0.959922810638298,NA,NA,NA,NA,NA,NA,NA,8.10409506382979,NA,NA,2.33205312765957,NA,NA,NA,NA,9.07539204255319,NA,NA,1.21210439361702,NA,8.08246659574468,1.66358259574468,8.59990531914894,NA,1.77088812765957,NA,NA,7.80498695744681,6.31843059574468,84.8191410638298,NA,NA,3.56188876595745,NA,NA,NA,NA,4.80636370212766,0.722428914893617,6.17546368085107,NA,NA,NA,NA,NA,NA,NA,0.742394438297872,4.13344231914894,NA,5.31052021276596,6.45567810638298,170.370210638298,NA,NA,NA,11.7525947234043,NA,5.31681931914894,21.6992087234043,NA,2.79261555319149,10.6182668297872,NA,NA,NA,4.55065321276596,NA,15.0938182978723,1.38612114893617,NA,31.558789787234,NA,NA,0.223887874468085,NA,3.64169968085106,4.24693780851064,NA,4.75691559574468,2.68639787234043,NA,6.4833594893617,NA,16.082149787234,NA,NA,1.74760059574468,NA,NA,NA,NA,1.83522778723404,1.54696059574468,NA,0.147058544680851,NA,0.492256244680851,17.1259531914894,5.66665136170213,0.607180493617021,7.60545542553192,NA,NA,NA,3.06999574468085,1.89176208510638,6.98440889361702,NA,12.2667517021277,8.56341319148936,0.904034189361702,40.4843955319149,NA,NA,1.45806363829787,1.52590334042553,13.1883568085106,NA,NA,NA,0.151669844680851,2.95780276595745,NA,30.4256540425532,NA,NA,1.71099082978723,6.1989695106383,NA,NA,3.18747759574468,0.0620649957446808,2.28284514893617,NA,NA,NA,NA,NA,1.30417819148936,1.02828545744681,NA,6.28862929787234,15.53193,23.8291410638298,16.480009787234,NA,0.0769427355319149,NA,NA,NA,NA,NA,1.38594165957447,1.29112276595745,NA,NA,NA,NA,NA,4.24502527659575,0.459226442553192,1.69043687234043,11.5336189148936,2.24849112765957,42.1829955319149,9.69175244680851,0.00564462268085106
"8","ND49","8/13/19","control",NA,5.54509516827853,3.31258795744681,16.4656401934236,NA,NA,5.69196811218569,NA,31.7818692843327,8.56298856866538,8.1505140696325,3.3925072417795,NA,4.3175071179884,NA,NA,92.7716285106383,NA,9.1511692417795,NA,2.55957707930368,21.7513353191489,33.6829249516441,4.29897434042553,NA,NA,4.10362454158607,13.2699294352031,2.69650119535783,NA,2.03494002321083,NA,66.8093068471954,10.463427098646,10.1874892108317,16.4131548162476,15.4410774081238,NA,NA,NA,2.39063788781431,NA,NA,1.76397654932302,NA,30.4678403868472,2.08421628626692,4.30347944294004,NA,NA,NA,5.65210247582205,NA,4.46895835976789,NA,4.5454374622824,5.55270748549323,NA,12.5622695396518,NA,NA,6.49656449516441,NA,29.0941644487427,NA,NA,NA,17.3416738104449,2.95252564023211,4.42012844487428,6.65894767891683,NA,NA,NA,7.9024937524178,127.66988344294,NA,NA,2.09108373307544,4.59858016247582,NA,NA,NA,12.869354205029,6.61834147775629,NA,NA,NA,NA,NA,NA,6.0380099303675,NA,13.5111569361702,NA,6.82707167504836,6.55648565957447,NA,16.4271623984526,NA,NA,NA,NA,NA,NA,17.9254426692456,NA,3.80958730754352,14.9553042166344,NA,NA,45.8477781431335,35.6774410444874,16.1001944294004,9.4164206073501,68.0896802321083,27.0219751644101,107.228199651838,66.5444401160542,27.7962528820116,41.285712417795,22.5532550483559,12.9206038723404,26.0626997678917,12.6220974158607,26.6114927272727,16.4469825531915,30.7243972920696,69.9764699806576,12.1162773075435,74.7464822823985,13.1613792843327,20.3823811992263,15.161801237911,8.26800266537718,12.7329338452611,5.25422255705996,12.3123920696325,7.49444541972921,25.0987025531915,10.0191441934236,16.402060696325,7.60378206189555,12.374863589942,11.0443958762089,69.8306533462282,63.8307868085106,6.06666519535783,32.2749620116054,9.60628218955513,9.6893101237911,59.7832700967118,30.1495984526112,9.07475615860735,28.6882746615087,7.67580772920696,8.61358091295938,11.604061934236,70.3196413926499,NA,1.94356351257253,35.6229894390716,11.1759652495164,55.8982327272727,NA,2.53246609284333,NA,17.0252115280464,3.39121268858801,NA,29.6734841779497,NA,2.56035495938104,2.41434600773694,29.0069328046422,NA,2.9792390754352,10.5448892263056,73.7945981818182,45.4255557446809,NA,NA,NA,NA,NA,NA,4.15683900193424,7.42300100967118,61.3563962088975,73.0511916827853,16.1204164410058,9.42279003868472,NA,7.23859750483559,NA,9.4261484139265,NA,NA,NA,4.72350454545455,78.1954762475822,NA,NA,NA,NA,NA,73.3601191489362,5.45391384526112,3.59442596518375,6.23312292069633,11.6892340618956,143.191432688588,11.1284284526112,5.91383185299807
"9","ND50","8/13/19","control",NA,4.37617252030948,3.4314752205029,15.0390005125725,NA,NA,4.36615511411992,NA,29.4103495357834,8.78713818762089,10.5733005338491,3.22612424661509,NA,4.34079407350097,NA,NA,102.371292001934,NA,6.82150828820116,NA,2.45069418762089,24.2003325725338,35.7198229206963,4.28217190812379,NA,NA,3.96679920309478,13.0610983394584,3.23666842263056,NA,2.16539857640232,NA,67.0718167698259,10.4083089081238,8.46256749613153,18.7957619535783,12.1069791760155,NA,NA,NA,3.11170545067698,NA,NA,2.25288919148936,NA,24.9693579883946,3.22059462669246,5.45626868762089,NA,NA,NA,6.32154080367505,NA,5.82299559767892,NA,5.41148886266925,5.0283750212766,NA,12.5224410744681,NA,NA,5.39759969825919,NA,28.819445483559,NA,NA,NA,20.5492031141199,2.87944531818182,5.10184770599613,5.81911652321083,NA,NA,NA,7.71020117601547,141.592041818182,NA,NA,3.70963163733075,6.15519128239845,NA,NA,NA,21.6849627562863,4.81779000386847,NA,NA,NA,NA,NA,NA,7.13999625145068,NA,11.2142930802708,NA,6.70890684816248,7.97461621663443,NA,13.9339574042553,NA,NA,NA,NA,NA,NA,15.7768733462282,NA,4.51000571083172,15.4602700483559,NA,NA,47.3445794390716,38.1664200096712,16.364250967118,11.6842800454545,56.2442971179884,24.3328151837524,93.8475270212766,82.90171827853,30.1824477756286,35.5790144197292,37.4044035589942,15.5465432398453,29.4415021179884,23.1546213056093,24.5177552901354,17.4067869825919,30.179009139265,69.5168481818182,13.6425073655706,71.0435588297872,14.0786874139265,20.7903027369439,13.7656471286267,12.9456479526112,13.32735122147,7.95934281818182,11.2113095145068,7.8117433762089,28.5438863346228,11.4156830377176,17.270631615087,13.078508082205,11.4673196499033,12.7192642301741,60.8495091586073,54.7541677079304,6.93238602030948,37.315833065764,19.1484050870406,10.045829811412,73.9020899226306,35.4672367891683,10.6468785725338,30.8196051450677,9.0923822794971,8.07034053675048,11.4905370299807,79.1232568471953,NA,2.13744026789168,39.85686827853,9.35301335686654,59.9596632301741,NA,5.00623020309478,NA,32.3356926015474,4.05025417601547,NA,30.5810954738878,NA,1.77939335396518,2.59552662475822,30.3463609864603,NA,2.6444840270793,9.55706789168278,75.6543458510638,56.6594941682785,NA,NA,NA,NA,NA,NA,3.60552289748549,8.09195858510638,61.5668964990329,68.7280688974855,17.0308781818182,10.3605382011605,NA,6.79163897582205,NA,11.7309006382979,NA,NA,NA,3.65937633268859,85.7579813346228,NA,NA,NA,NA,NA,89.7137447098646,5.13863965183752,4.43422401837524,5.81011168568665,10.8315772427466,222.292476789168,10.9757526808511,4.56157794003868
"10","ND51","8/13/19","control",NA,4.60561106286267,3.00604483752418,11.8481925087041,NA,NA,3.71662828239845,NA,29.2390993810445,7.21446687427466,14.6720658220503,3.13982335203095,NA,3.63263825338491,NA,NA,88.1009714216635,NA,6.17999128916828,NA,1.58108373984526,18.0566864603482,32.7245410831721,5.09199356382979,NA,NA,2.866740844294,11.6359632059961,2.25665230174081,NA,1.96048801837524,NA,31.2492176208898,10.7252803636364,6.25137937330754,17.7620538974855,11.1940295,NA,NA,NA,2.49378685686654,NA,NA,2.24903360928433,NA,33.4092600580271,4.46607449032882,3.9577469622824,NA,NA,NA,5.01973021083172,NA,6.30830074951644,NA,3.99036173694391,4.38990958510638,NA,12.1948843017408,NA,NA,5.72643962765958,NA,25.1358912669246,NA,NA,NA,21.7911118762089,2.4130240377176,4.19435305319149,5.80306143423598,NA,NA,NA,7.49336248839459,121.287134255319,NA,NA,3.85432761605416,4.57222973984526,NA,NA,NA,12.3412207224371,4.74083872533849,NA,NA,NA,NA,NA,NA,5.3873128549323,NA,8.38305264023211,NA,5.0465594032882,10.3979944922631,NA,16.2888360348162,NA,NA,NA,NA,NA,NA,12.6630857069633,NA,5.49263274564797,17.5189053094778,NA,NA,38.8662723887814,24.1759580367505,12.0172735338491,10.2450715357834,73.6361764216634,18.5992843423598,90.9292320889749,84.187418655706,27.4771941779497,35.4217178529981,27.5671844777563,9.94703698452611,21.8154982978723,16.4534994294004,17.8817014990329,17.6505121663443,24.3596819245648,70.3457985686654,11.506338089942,64.2945254738878,9.64777210251451,15.1764188588008,9.63074151740812,9.10648161895551,9.63034516924565,5.18660930174081,9.38100501740812,6.60217777369439,22.1770146131528,8.14086051740813,18.3608423887814,7.50579653578337,8.99021536266925,13.444464089942,54.6790502417795,48.7534250193424,5.37107083752418,28.2661196905222,10.2673468529981,11.7392284168279,53.3366823210832,25.6850399032882,11.5814625812379,29.1680181914894,9.05091856092843,5.82124528239845,8.40350723307544,66.4863170502901,NA,3.32850021566731,25.6959532398453,8.76998753384913,54.9813758123791,NA,3.64126433075435,NA,23.6660038297872,4.07849553094778,NA,24.8802329400387,NA,1.67928725435203,2.94583569825919,25.143845754352,NA,1.86202164796905,8.43809273887814,72.9007854352031,57.9083244197292,NA,NA,NA,NA,NA,NA,3.29748459574468,7.55038708027079,29.7737978239845,62.7226471953578,19.4516255609284,10.1647119458414,NA,8.32404768375242,NA,14.5347476982592,NA,NA,NA,3.41433986943907,73.3114599323017,NA,NA,NA,NA,NA,65.5551052998066,6.05466407350097,3.11736087040619,6.85993344294004,12.3830863733075,208.165495454545,9.50260408317215,3.87608135009671
"11","ND52","8/13/19","control",NA,5.18694437137331,3.20898659090909,9.38673288684719,NA,NA,2.89937643617021,NA,24.6533426982592,11.0133829110251,12.9144909816248,3.33814301257253,NA,1.80093418762089,NA,NA,108.403800096712,NA,6.81341358800774,NA,1.10938825918762,9.60469963249516,25.239380270793,4.0185829352031,NA,NA,2.83217846711799,5.40482786750484,2.52241482108317,NA,2.67501768858801,NA,32.319192311412,15.532889893617,6.18267622823984,26.6644168762089,10.8005698307544,NA,NA,NA,1.38200310928433,NA,NA,1.82770280947776,NA,33.0877284332689,2.41894607833656,1.91888184235977,NA,NA,NA,3.60556387330754,NA,3.97328219052224,NA,2.26457676015474,5.45210838974855,NA,12.9479754980658,NA,NA,7.88750014990329,NA,10.3653595696325,NA,NA,NA,22.4051634912959,1.09850442553191,2.39632952611219,5.27371898452611,NA,NA,NA,8.28800967117988,148.396945841393,NA,NA,2.25726641199226,2.90790951160542,NA,NA,NA,12.9650182350097,4.2087378384913,NA,NA,NA,NA,NA,NA,3.08180864603482,NA,8.3655526934236,NA,1.91003658123791,10.5548601837524,NA,18.3054760154739,NA,NA,NA,NA,NA,NA,15.3260018375242,NA,3.02238019825919,14.6187971953578,NA,NA,17.5870587040619,23.5719835106383,4.64042820599613,13.5249245647969,73.8460412959381,15.4562092843327,98.8258391682785,58.4505911508704,19.7713699226306,37.24258172147,21.0248214700193,7.9667367794971,11.5835341344294,12.5823111025145,18.9258410058027,14.0746965667311,17.1177655705996,58.8116208897485,11.6622335444874,25.734727901354,3.96650125725338,8.19083016924565,8.19260832688588,6.83726587524178,5.29732542553191,3.32266640715667,7.29764090425532,5.93570743230174,13.7060442940039,5.19480104448743,14.3777508220503,5.63081258220503,10.0426024951644,17.4853772243714,55.9444555125725,45.3785309477756,7.33615681334623,14.9762628143133,10.1036608123791,9.06205066731141,30.2862651353965,14.8720188104449,10.0065307398453,29.7187505802708,10.8550540377176,6.40900434719536,7.61784195841393,81.7379263539652,NA,3.49347100096712,15.4809890232108,6.0096460106383,42.6899227756286,NA,3.22730018375242,NA,15.5249421663443,3.02067878626692,NA,13.9878439071567,NA,2.00604798839458,2.5394770696325,10.1440004061896,NA,1.33120659574468,7.01636420212766,65.3067611702128,46.4795448259188,NA,NA,NA,NA,NA,NA,3.31391089941973,8.0359587524178,31.0168056576402,25.0019500483559,13.6564848162476,13.4225276595745,NA,7.25697741779497,NA,12.3217583268859,NA,NA,NA,3.63426804642166,39.1986071566731,NA,NA,NA,NA,NA,36.8901761121857,4.83340188588008,3.30491865087041,5.4826362475822,9.83618531914894,129.98501450677,13.801560106383,3.47344168762089
"12","ND53","8/13/19","quagga",NA,1.02683631489362,0.343322215957447,2.90977407446809,NA,NA,0.507234461702128,NA,3.55006623404255,2.51012143617021,0.901186493617021,0.372748637234043,NA,0.299950007446808,NA,NA,154.19019893617,NA,1.63626392553191,NA,2.12791242553191,3.81163962765957,4.82681976595745,0.306805420212766,NA,NA,0.312926324468085,1.3558049787234,0.527648531914894,NA,0.713417279787234,NA,13.4353785106383,21.5618631914894,1.27850941489362,47.3350984042553,11.3046493297872,NA,NA,NA,1.95987809574468,NA,NA,1.12533805851064,NA,4.17023726595745,0.0242168544680851,3.45869828723404,NA,NA,NA,5.26051779787234,NA,6.35446580851064,NA,0.648377829787234,1.92215382978723,NA,5.4112464893617,NA,NA,4.60363273404255,NA,5.83809315957447,NA,NA,NA,2.05200308510638,0.100670252765957,2.00443979787234,0.933516894680851,NA,NA,NA,6.4480365212766,212.691485106383,NA,NA,3.80741512765957,4.0255130106383,NA,NA,NA,14.6468491489362,0.775904812765957,NA,NA,NA,NA,NA,NA,0.412335,NA,1.82471435106383,NA,1.992655,1.67069543617021,NA,20.5720237234043,NA,NA,NA,NA,NA,NA,33.0766576595745,NA,5.97718263829787,12.9417057446809,NA,NA,11.5372462234043,50.0976580851064,6.49120946808511,19.5203295744681,9.55415046808511,30.3545579787234,15.3488478723404,9.22891334042553,42.7997931914894,10.7757728191489,3.02336717021277,20.9153767021277,4.77333686170213,11.5810369574468,30.5598962765957,8.74655443617021,21.1853294680851,8.38226885106383,7.41987027659574,13.6836074468085,1.34810162765957,4.41149457446808,2.89938182978723,1.5586240212766,3.07683108510638,4.55391731914894,1.38664623404255,1.10073050425532,3.22132873404255,7.94435138297872,1.86208288297872,7.80524038297872,1.25298923191489,30.2128213829787,39.0574457446808,8.86002853191489,4.39104429787234,2.79814574468085,10.2344468829787,5.25765293617021,5.14932369148936,2.89085687234043,12.98766,3.9997469787234,13.1458920212766,1.53976378723404,2.04085253191489,118.009628829787,NA,0.11199041893617,4.10401756382979,4.48400735106383,8.32459562765957,NA,0.306052555319149,NA,2.90910818085106,1.16920031914894,NA,7.79796745744681,NA,0.0373017779787234,0.55491700212766,8.51499182978723,NA,2.43980762765957,5.3794139893617,9.99946872340426,9.11256678723404,NA,NA,NA,NA,NA,NA,0.737664795744681,1.11969834468085,12.0009664361702,13.0898480851064,18.9336595744681,20.241710106383,NA,0.535897890425532,NA,1.32931355319149,NA,NA,NA,0.587403369148936,11.0961828510638,NA,NA,NA,NA,NA,6.34089854255319,0.466868395744681,0.816537869148936,9.10953735106383,6.46022895744681,211.103088297872,14.8665054255319,0.304987125531915
"13","ND54","8/13/19","quagga",NA,0.582149822727273,0.294330622727273,2.87915954545455,NA,NA,0.332254713636364,NA,3.185041,2.93259863636364,0.896088927272727,0.469256118181818,NA,0.108500125454545,NA,NA,128.172842272727,NA,1.73029818181818,NA,4.94990718181818,1.86579936363636,5.0497265,0.204477945454545,NA,NA,0.325102918181818,0.680050659090909,0.526670054545454,NA,0.762412109090909,NA,11.1517232727273,19.7548527272727,1.40928663636364,43.4522159090909,8.95956054545455,NA,NA,NA,1.55446590909091,NA,NA,4.44697468181818,NA,2.93306131818182,0.0243074045454545,1.57351231818182,NA,NA,NA,2.31521763636364,NA,9.10821718181818,NA,0.247892527272727,2.81217086363636,NA,4.30766922727273,NA,NA,5.59209768181818,NA,2.94002790909091,NA,NA,NA,2.25764209090909,0.0200105140909091,1.31179720454545,0.893744013636364,NA,NA,NA,7.32033027272727,175.957368181818,NA,NA,5.41477059090909,5.35148995454546,NA,NA,NA,15.6560981818182,0.833170395454545,NA,NA,NA,NA,NA,NA,0.146278240909091,NA,2.02962563636364,NA,0.895435636363636,1.58435040909091,NA,21.7101513636364,NA,NA,NA,NA,NA,NA,27.3822877272727,NA,7.69980713636364,10.8025237272727,NA,NA,4.71171304545455,44.6005104545455,3.26337527272727,14.944425,6.59139418181818,29.6172781818182,12.1850064545455,6.07525218181818,28.690425,5.84374254545455,2.67766886363636,17.9731322727273,2.37137481818182,12.5768755454545,27.5561822727273,7.89791668181818,15.1846768181818,7.18103931818182,7.84749095454545,6.951184,0.477053427272727,2.38627159090909,3.16861513636364,1.00985118181818,1.43911313636364,5.96482545454545,1.26423812727273,1.04670543636364,1.95422695454545,4.23818654545455,1.58930809090909,11.6890194545455,1.48602722727273,24.4562668181818,28.7903036363636,4.89247268181818,5.28273227272727,1.84115859090909,19.2652140909091,4.920459,3.42823763636364,1.739304,10.5305314090909,4.38910781818182,11.5419064090909,1.64464404545455,2.0244465,97.7061013636364,NA,0.272894481818182,2.64903663636364,4.03859272727273,8.86124527272727,NA,0.187659,NA,2.29135195454545,0.652819790909091,NA,3.84573613636364,NA,0.0393132436363636,0.387706404545455,4.27870218181818,NA,3.75644118181818,5.16476818181818,7.95106181818182,6.70897204545455,NA,NA,NA,NA,NA,NA,0.772949654545455,0.973802072727273,10.0121115909091,6.57520427272727,14.4725027272727,15.5403222727273,NA,0.423093522727273,NA,0.986868945454545,NA,NA,NA,0.807482854545455,6.00442495454545,NA,NA,NA,NA,NA,4.15644872727273,0.324250054545455,0.76471985,6.72054963636364,5.9270055,250.110368181818,15.1997436363636,0.325528690909091
"14","ND55","8/13/19","quagga",NA,0.555570152321083,0.18189959622824,1.92008138297872,NA,NA,0.06513716344294,NA,2.98550730174081,2.54512304158607,0.781157299323017,0.254163358317215,NA,0.0168119818665377,NA,NA,134.928095744681,NA,1.35692028046422,NA,1.87837050290135,0.6417466827853,2.8674583172147,0.182679900870406,NA,NA,0.10310824540619,0.167243870889749,0.14659377417795,NA,0.313121148452611,NA,5.3811831237911,25.2647814313346,0.789904787234042,51.0613056092843,8.31304344777563,NA,NA,NA,0.737656349129594,NA,NA,1.06049368230174,NA,2.3462500967118,0.00197582865087041,1.77618945841393,NA,NA,NA,1.34290676982592,NA,3.28760730174081,NA,0.0342716910058027,2.44879359284333,NA,3.61731426499033,NA,NA,8.00783573500967,NA,1.50728617021277,NA,NA,NA,1.39233938588008,0.00254346375725338,0.756258249516441,0.614345476305609,NA,NA,NA,13.6209107350097,184.491607833656,NA,NA,2.29335558510638,2.51059366537718,NA,NA,NA,7.03547582205029,0.540427666827853,NA,NA,NA,NA,NA,NA,0.0183758022243714,NA,1.17497878868472,NA,0.114402665860735,0.650876881044487,NA,20.3867611218569,NA,NA,NA,NA,NA,NA,25.5200686653772,NA,3.43247357350097,12.797037475822,NA,NA,2.36909006286267,30.2781905222437,0.935635843810445,17.0741046905222,5.42543529980658,20.9147966634429,8.69973387330754,3.93600573017408,15.0449267408124,8.12014613152805,0.267610176499033,11.136818762089,0.883956303191489,6.59665299806576,23.4937572533849,6.46887156673114,10.0562208655706,4.69667321083172,3.06391951160542,3.57241711798839,0.074951499516441,0.673804221470019,1.88932536266925,0.120173543762089,0.539616491779497,2.84075679400387,0.416477749032882,0.703832444390716,0.484080217601547,2.83053372823985,0.641586266924565,3.81548160058027,1.57969518858801,27.5496876208897,32.917872098646,4.55778670212766,7.74923131044487,0.218252807059961,7.91436455512572,3.61094448742747,1.1275271155706,0.507930638297872,14.1461293520309,1.79704214216634,16.0968082688588,1.24171867746615,1.54722613636364,101.975880319149,NA,0.0149003457446808,0.678012381528046,2.51692761121857,5.02016199226306,NA,0.00104052590425532,NA,0.196641868955513,0.285275904255319,NA,1.8831375,NA,0.00691523834622824,0.0824205667311412,1.85980553675048,NA,1.81856873791102,4.88281762572534,4.94882930367505,4.3358877417795,NA,NA,NA,NA,NA,NA,0.547115657640232,0.456697340425532,4.8510169729207,3.4196168762089,16.6235897001934,18.3023885396518,NA,0.142782794970986,NA,0.547545224854932,NA,NA,NA,0.72714249516441,2.47584654255319,NA,NA,NA,NA,NA,1.49097998065764,0.264659020793037,0.236085152321083,8.81945867988395,4.86208484042553,135.699428675048,20.0988808027079,0.12084496131528
"15","ND56","8/13/19","quagga",NA,0.243451450676983,0.0169204663056093,0.745786270793037,NA,NA,0.0352381520309478,NA,1.10542372688588,0.840244326499033,0.159926813152805,0.0307533432882012,NA,0.00915303890135396,NA,NA,66.7205210831721,NA,0.38291198065764,NA,0.783334874274662,0.33559554893617,1.49735805029014,0.039238186073501,NA,NA,0.0199087928820116,0.04748769655706,0.0560589959767892,NA,0.0729891683558994,NA,2.41861204642166,8.11769856092843,0.186647301353965,15.9810561702128,3.53982345841393,NA,NA,NA,0.275357737717602,NA,NA,0.469093548162476,NA,1.60321699032882,0.000330315026692456,0.706982889748549,NA,NA,NA,0.697056984139265,NA,2.16036037137331,NA,0.0103857003945841,0.483799541199226,NA,1.63674169439072,NA,NA,1.75530833268859,NA,0.907269254158607,NA,NA,NA,0.669962030947776,0.000773936713346228,0.372964547001934,0.16145284410058,NA,NA,NA,3.88645699032882,92.5740071953578,NA,NA,1.18090216479691,1.36826235203095,NA,NA,NA,2.95630022437137,0.0730691296711799,NA,NA,NA,NA,NA,NA,0.00582318647582205,NA,0.36273441934236,NA,0.0307005196131528,0.359687893230174,NA,8.1938832417795,NA,NA,NA,NA,NA,NA,9.4587494622824,NA,2.26656499032882,5.02813972920696,NA,NA,1.70363610058027,12.8365466924565,0.555983080851064,6.84389389555126,3.85950264603482,9.56437835976789,5.81523955125725,3.25209681237911,11.8160434816248,4.27017165957447,0.371308486653772,4.79500451837524,0.490208379110251,4.0915909787234,9.1056907311412,2.88329554352031,6.73915933462282,2.77623718375242,1.49234632108317,2.29623186847195,0.0510455445261122,0.409174105996131,0.729148658413926,0.105658803017408,0.411957128820116,1.54447125725338,0.290564534622824,0.224455225531915,0.252085796518375,2.0365704139265,0.458033914119923,2.90806632882012,0.405314680851064,10.7037717446809,14.8713038297872,2.85007100193424,1.61192170212766,0.121488756905222,3.6807485106383,2.58609040618956,0.647419090909091,0.260018328046422,4.94323065377176,1.12543927427466,5.49871699032882,0.325242895938104,0.532200125338491,49.9191971373307,NA,0.0114128945222437,0.351731250290135,1.31378040232108,2.70871046808511,NA,0.0011690240959381,NA,0.232872076595745,0.181769292069632,NA,1.48771963636364,NA,0.00274122396905222,0.0942086379110251,1.18137934932302,NA,0.76573022205029,2.03620751257253,2.92766423210832,3.11832276208897,NA,NA,NA,NA,NA,NA,0.111759248588008,0.195284230560928,2.23319405802708,2.14959511798839,7.0109035589942,7.03265672727273,NA,0.0637973322243714,NA,0.439027970599613,NA,NA,NA,0.191626676982592,2.00190902901354,NA,NA,NA,NA,NA,0.869049221663443,0.0957060796131528,0.0638282095938104,3.3346070483559,2.11955426692456,76.7246411605416,6.04105645647969,0.0125478002321083
"16","ND57","9/18/19","control",NA,6.88826381044487,NA,3.44082881624758,NA,NA,4.14739770019342,NA,24.5505782978723,NA,5.27762985009671,10.1543984032882,NA,6.27988362862669,NA,6.02763899419729,9.54228549032882,NA,NA,NA,NA,25.3877962088975,21.7600867988395,43.4775874661509,NA,NA,NA,25.0358677176015,4.92478364313346,NA,5.3556099032882,NA,40.4998235396518,7.74883878820116,NA,4.00752511508704,8.46328387234042,NA,NA,NA,NA,NA,NA,NA,NA,43.4722083462282,5.27838773887814,NA,NA,NA,NA,NA,NA,NA,NA,3.40057650096712,NA,NA,2.30378941586073,NA,NA,NA,NA,NA,NA,NA,NA,14.4397782630561,5.26459622533849,4.57622870212766,NA,NA,NA,NA,NA,11.1948129990329,13.5287770435203,NA,NA,NA,NA,NA,NA,5.50165730560928,NA,NA,NA,NA,NA,NA,NA,7.02625971856866,NA,3.14414027756286,NA,NA,NA,2.02966224661509,5.35533836943907,NA,NA,NA,NA,NA,NA,4.98506759477756,NA,NA,NA,NA,NA,5.01587981237911,3.69150955319149,NA,12.2065378094778,92.2311291779497,NA,20.9429073984526,22.5871823404255,4.48691812572534,153.993204545455,NA,NA,34.4338089071567,2.64534462669246,14.8932397911025,5.90367004352031,6.57779578820116,124.235964690522,NA,166.94899532882,NA,10.4766369023211,NA,NA,9.7091206992263,NA,45.8703506189555,NA,8.71293346808511,7.37416504061895,185.25620270793,NA,6.34914882011605,3.69012610541586,16.9152956528046,24.1615630947776,NA,2.73477722147002,3.32416378239845,5.96954106189555,24.3581501644101,57.1277831044487,18.9565169922631,50.353529139265,9.07034247485493,NA,4.40332694584139,9.79490649129594,19.1211043133462,86.5663315860735,54.3471561895551,73.3840334526112,41.3040964893617,100.091226382979,25.9896389555126,17.6788814893617,15.8723238268859,34.854067688588,17.253724787234,68.0768012572534,71.6561673307543,48.0845888588008,33.3940748646035,248.441441972921,24.363958926499,21.9096194584139,16.9815189777563,38.9348433558994,268.660746034816,96.5576773500967,13.2975711266925,17.0142130280464,12.2399124129594,32.4496354545455,8.25305136750483,37.5963533365571,69.1529517698259,40.7878212765957,167.109509642166,13.9987557350097,12.3645292640232,17.7252828433269,22.8505014313346,19.0971990232108,59.3245435009671,14.2162062282398,238.279717311412,17.0361488384913,34.1862662765957,112.123200580271,66.2007257736944,12.3784410773694,13.291456459381,40.6437192940039,13.9516291450677,36.4832879690522,196.868914893617,10.1530166740812,35.9565123017408,6.53172268085106,107.145194584139,29.7904941586073,72.5557177272727
"17","ND58","9/18/19","control",NA,6.77376457059961,NA,2.52044285783366,NA,NA,3.69920427369439,NA,17.8666464990329,NA,6.83909614990329,8.10497015764023,NA,3.900915327853,NA,5.51016649032882,13.280712811412,NA,NA,NA,NA,16.0832589555126,12.3883458578337,34.7999765377176,NA,NA,NA,13.7609177514507,4.7119733762089,NA,4.93034496421663,NA,29.8290444390716,5.73831210541586,NA,2.52200693133462,5.47005201547389,NA,NA,NA,NA,NA,NA,NA,NA,33.1028135589942,4.47903671179884,NA,NA,NA,NA,NA,NA,NA,NA,2.44831643907157,NA,NA,2.39530408704062,NA,NA,NA,NA,NA,NA,NA,NA,13.3796504864603,3.3373704787234,3.19815934332689,NA,NA,NA,NA,NA,15.1236884042553,10.5740922117988,NA,NA,NA,NA,NA,NA,6.13358155222437,NA,NA,NA,NA,NA,NA,NA,4.93238026499033,NA,2.72455015280464,NA,NA,NA,3.22771632205029,3.43877744197292,NA,NA,NA,NA,NA,NA,6.44258489748549,NA,NA,NA,NA,NA,3.11827414603482,2.18909130851064,NA,8.93764020696325,68.6009226112186,NA,13.8440055754352,17.3755961702128,3.1305145967118,117.691847321083,NA,NA,21.4861446131528,2.06200747195358,17.4942766924565,7.43377923887814,7.08749451160542,108.674390667311,NA,98.8949208413926,NA,7.25451664990329,NA,NA,6.77798126692456,NA,24.1012841005803,NA,5.37400758994197,8.52094352611218,161.066627659574,NA,4.27203187040619,2.94109555609284,12.0593504448743,20.4806831141199,NA,1.93311750290135,3.2038240967118,3.16363657446808,16.2423303868472,41.3964851740812,19.0144644680851,40.2498273694391,8.76634980947776,NA,3.12984284719536,13.160674467118,15.243700967118,61.5411216537718,32.4111693713733,40.1814492843327,22.3320476982592,78.0459929497099,18.880644516441,11.1798183471954,11.4071045812379,17.3924973307543,9.4241329516441,43.0809293133462,54.1107985589942,36.7337414410058,19.4565014313346,151.93656344294,18.1414049419729,11.6584004893617,14.5242271566731,27.7004721760155,210.119238297872,65.0208271179884,13.5303744632495,16.1719900483559,10.0835704023211,26.4049695744681,6.90627539845261,27.3611885396518,64.7250424854932,29.5645269535783,99.0456849226306,9.79329297001934,8.30062830464217,10.204277631528,19.4226704642166,15.1696652901354,37.2195925145068,11.0709290396518,195.45762475822,10.9329998143133,18.8300126499033,71.236415106383,44.9229696131528,8.40983844777563,8.4154946073501,28.4230540812379,12.5743889632495,23.087071237911,158.999243326886,7.84901783655706,23.8909219439072,5.400427827853,67.0878104061895,17.694827582205,50.0174807059961
"18","ND59","9/18/19","control",NA,4.50034403578337,NA,2.23033111992263,NA,NA,2.0967211934236,NA,12.5516849922631,NA,3.70254090038685,5.90737663152805,NA,3.07911985299807,NA,4.29410436653772,9.96159409767892,NA,NA,NA,NA,12.8501110560928,9.58196169825919,21.3042151837524,NA,NA,NA,11.969419417795,3.20965551837524,NA,3.72036229110251,NA,24.9253684526112,4.52036169729207,NA,1.79775253675048,4.02238966924565,NA,NA,NA,NA,NA,NA,NA,NA,18.323450967118,2.8334483172147,NA,NA,NA,NA,NA,NA,NA,NA,1.84057593230174,NA,NA,1.43025919535783,NA,NA,NA,NA,NA,NA,NA,NA,8.09025094970987,2.59307580270793,2.69542253965184,NA,NA,NA,NA,NA,11.426638803675,7.78299706866538,NA,NA,NA,NA,NA,NA,5.10075603868472,NA,NA,NA,NA,NA,NA,NA,3.76314813249516,NA,1.83022263926499,NA,NA,NA,2.48948459864603,3.56161438781431,NA,NA,NA,NA,NA,NA,4.17910705802708,NA,NA,NA,NA,NA,2.34589174081238,2.15182350386847,NA,6.58957511702128,37.4738574564797,NA,9.76878845744681,10.6918696760155,3.16454779400387,71.2966737137331,NA,NA,17.0113993133462,2.01328621276596,12.6094640077369,5.98362581818182,5.39872886266925,69.9095007930368,NA,89.9562344003868,NA,5.95964554545455,NA,NA,5.70620806866538,NA,20.9713299419729,NA,4.23120115087041,6.51654522823985,105.07897032882,NA,3.04690226982592,2.34536209767892,8.20645646615087,12.5049702088975,NA,1.44546085976789,1.91323675435203,2.15331531044487,12.5497619603482,31.6288116634429,15.1075070696325,31.892584303675,6.65433920599613,NA,2.49762219632495,9.85240214410058,9.35100491779497,36.0914500290135,25.97468344294,35.4878899516441,16.9894107059961,42.2812429980658,13.9144761992263,9.68036913346228,8.76767487717602,14.3353547195358,7.24026825338491,35.7662828143133,32.1882391295938,25.8073472920696,15.0943501644101,139.188791005803,14.4487294294004,8.10015877272727,12.1971478355899,14.2036043713733,151.547217117988,36.2390896711799,12.1720150386847,10.1650042553191,5.99285637137331,15.4825954158607,4.51804758413927,20.0971986266925,44.8208882978723,24.6699483752418,90.2921757736944,8.50513893423598,6.1522362205029,9.08651227369439,12.4413482843327,10.542619089942,25.7241195067698,6.30051557833656,121.725097176015,8.02653837717602,16.792303172147,54.0604674371373,34.3182592069633,7.34378823404255,6.49862930464217,19.7282225435203,8.15226322533849,17.7704077079304,96.9853628143133,5.24658272147002,19.5547482301741,4.40956397969052,51.1373941779497,13.0686529497099,37.5857041005803
"19","ND60","9/18/19","quagga",NA,2.35273481624758,NA,1.64689925918762,NA,NA,0.463617096131528,NA,2.71046582591876,NA,0.84083852417795,3.96804495744681,NA,0.19886404139265,NA,0.927511326499033,16.5290460928433,NA,NA,NA,NA,1.66353080077369,3.78926431334623,4.42437019148936,NA,NA,NA,1.40670036750484,1.10331277756286,NA,1.27992191682785,NA,15.9201180077369,8.59445344680851,NA,3.3609396344294,9.41338976402321,NA,NA,NA,NA,NA,NA,NA,NA,3.88081393423598,0.163202538104449,NA,NA,NA,NA,NA,NA,NA,NA,0.115977167079304,NA,NA,1.51039088588008,NA,NA,NA,NA,NA,NA,NA,NA,1.66710076402321,0.129961193230174,1.33723778723404,NA,NA,NA,NA,NA,18.9057395357834,1.55089386847195,NA,NA,NA,NA,NA,NA,6.69612229206963,NA,NA,NA,NA,NA,NA,NA,0.221146842940039,NA,1.24005480851064,NA,NA,NA,2.21762373887814,4.07496483365571,NA,NA,NA,NA,NA,NA,10.4991003326886,NA,NA,NA,NA,NA,0.34554919303675,6.70710885106383,NA,10.0175668104449,8.62562174854932,NA,2.48624051450677,2.1902020967118,4.67046632301741,50.8546321663443,NA,NA,2.28598894197292,1.65887508510638,18.7271135009671,8.34262514700193,11.8522198646035,14.3332920116054,NA,20.899350696325,NA,0.45583792417795,NA,NA,1.54617421663443,NA,5.17356725918762,NA,0.278437371373308,4.61193799032882,19.4026747001934,NA,0.601681792069632,3.38745687040619,14.155340212766,3.01664917021277,NA,0.00421944779110251,4.69484692843327,2.64453368471954,0.806850869825919,1.88485108510638,33.3012472533849,4.87086204255319,10.4662185415861,NA,1.30247976015474,16.8230478529981,1.48452928626692,7.42049701353965,2.30607303675048,36.4605659187621,7.04956957833656,6.88596040618956,1.53964226499033,1.6294005106383,0.683996705029014,5.05470991876209,4.7950941934236,13.1665847775629,6.44777328239845,4.33776690522244,4.97427821663443,29.4645306769826,3.75445281237911,43.2622235783366,30.4178073500967,4.30498741199226,31.6598662669246,10.0355886731141,1.23189422823985,1.82506495357834,1.20166171953578,2.87680216634429,2.28101935783366,12.4183339651838,11.5502028336557,15.9841936750484,20.7059379690522,22.0204540038685,9.81327679690522,3.2840116344294,2.33222525531915,2.23117704448743,5.36514559961315,1.56370900193424,30.6215661121857,7.96401839651838,3.28566816247582,5.65444282011605,6.60886453191489,3.34598903288201,0.947773396324952,5.02474942940039,1.6102847582205,1.18055348355899,20.7034037717602,1.99088980464217,44.8894921083172,6.70666129787234,159.817989748549,37.0723420696325,7.00459222630561
"20","ND61","9/18/19","quagga",NA,3.06841136943907,NA,1.29813523791102,NA,NA,0.661852803191489,NA,2.52426707736944,NA,0.408502620019342,3.33155259767892,NA,0.466617168471954,NA,0.968505772630561,24.4391579883946,NA,NA,NA,NA,2.96001797098646,5.7292699893617,4.16074837040619,NA,NA,NA,2.64487376692456,1.69893788878143,NA,1.74837409090909,NA,19.3653807640232,8.21484307059961,NA,3.45011454932302,6.44148868762089,NA,NA,NA,NA,NA,NA,NA,NA,6.20402692746615,0.309488034332689,NA,NA,NA,NA,NA,NA,NA,NA,0.243505174854932,NA,NA,1.16504074854932,NA,NA,NA,NA,NA,NA,NA,NA,1.64260377562863,0.357290088491296,1.24124976112186,NA,NA,NA,NA,NA,28.0932794294004,2.46283343713733,NA,NA,NA,NA,NA,NA,2.48997460541586,NA,NA,NA,NA,NA,NA,NA,0.48428262475822,NA,0.588324591005803,NA,NA,NA,4.61739711895551,6.00752561992263,NA,NA,NA,NA,NA,NA,6.90097285299806,NA,NA,NA,NA,NA,0.695973531237911,6.77690195744681,NA,10.0485764642166,13.2405871373308,NA,4.27934786170213,3.15990253965184,2.47917843617021,61.787862040619,NA,NA,4.07661731818182,1.33292159090909,22.5173976305609,3.32371619535783,6.44556173984526,17.5624920599613,NA,39.2786644777563,NA,1.20766936943907,NA,NA,1.96938644487427,NA,5.98993360058027,NA,0.836252406092843,4.76182389071567,25.761292794971,NA,0.38258195967118,3.80142820793037,11.6163027117988,4.29634745841393,NA,0.0325528727562863,4.95587456286267,2.9773085,1.825017155706,4.35519203578337,32.274164303675,7.97316983075435,9.55048628626692,NA,0.986008987234042,24.8310484912959,2.06086705705996,11.9637579980658,5.10249740425532,43.0789207446809,10.6770301218569,7.85097826402321,3.32201987234043,2.45520350290135,1.23103780270793,10.5076042882012,4.35005262282398,14.8057559961315,12.1827080174081,10.5213602243714,7.48008885009671,60.3266076305609,6.25890285976789,30.1376771373308,23.092516827853,7.39787583945841,49.7388773017408,16.4986535203095,2.16002100870406,3.13518033268859,2.1878930270793,5.62943915087041,2.9336522311412,8.95911593907157,10.2343602011605,19.2535360638298,38.9209937137331,12.6740199419729,9.810773327853,4.52171558510638,3.1589875106383,3.58726449419729,10.528732073501,2.0539386450677,43.1542229400387,6.57626424951644,4.65910601837524,12.3379110154739,7.86659593230174,4.00805349032882,0.984180102321083,5.53756437234043,3.04408684816248,2.66184872823985,19.1466301740812,2.80215317698259,42.4588126208897,3.08238550483559,49.49558516441,39.5143782978723,8.60888975725338
"21","ND62","9/18/19","quagga",NA,2.11371925145068,NA,1.46698106382979,NA,NA,0.374219130560928,NA,2.97864358800774,NA,0.810583170019342,3.18141517794971,NA,0.422518923210832,NA,0.957244342940039,23.428994139265,NA,NA,NA,NA,2.98709813926499,3.40679991102515,4.94544680270793,NA,NA,NA,2.05732690135397,1.09048708433269,NA,1.32754921470019,NA,17.8464210251451,9.8711617311412,NA,4.47803892649903,6.87671360348162,NA,NA,NA,NA,NA,NA,NA,NA,4.19206725725338,0.279184858800774,NA,NA,NA,NA,NA,NA,NA,NA,0.157153258413926,NA,NA,1.43096864410058,NA,NA,NA,NA,NA,NA,NA,NA,1.80481327852998,0.316688381044487,1.18835250096712,NA,NA,NA,NA,NA,26.7817037330754,1.62113927079304,NA,NA,NA,NA,NA,NA,5.20105962475822,NA,NA,NA,NA,NA,NA,NA,0.388210374854932,NA,0.640305915473888,NA,NA,NA,3.82357797485493,4.43185718762089,NA,NA,NA,NA,NA,NA,10.8840412882012,NA,NA,NA,NA,NA,0.44898943384913,6.91801714313346,NA,13.2021413733075,9.12753170212766,NA,1.98562895744681,2.11152733075435,3.76656280270793,53.1113625338491,NA,NA,4.02722472727273,2.09446452998066,25.284717098646,6.76633187234042,7.88690458800774,15.2948578723404,NA,30.645437098646,NA,0.729766101934236,NA,NA,1.84223765764023,NA,2.91289284912959,NA,0.581291404255319,5.5660620212766,21.6362759961315,NA,0.891970756866538,4.92136893810445,12.5785278916828,2.63173629400387,NA,0.00622942026692456,6.2668675860735,2.31702878529981,1.43406096131528,3.51972225145068,27.5237795744681,5.74042466731141,14.196385589942,NA,1.3386957794971,24.0091477176015,2.00322282011605,8.27147254352031,3.87677821856866,40.0225908317215,6.46656291682785,7.51486648162476,1.8840011450677,1.78610338297872,0.749226136750483,6.71472710831721,4.41584504061896,16.3502028820116,7.08514105996131,4.98299505802708,4.98291362088975,45.1992170212766,3.77545780270793,36.6826932495164,29.9555383752418,3.88357535203095,33.1431141005803,9.65294002514507,1.63706309864603,1.8514698762089,1.30051552611219,3.30052559381044,2.05516021470019,9.92298557253385,12.4435487040619,17.7320305222437,30.2042428046422,15.9905718955513,12.9083941779497,4.37951031334623,2.621147172147,2.30269584912959,5.83988349903288,1.52394117988395,31.419686344294,6.00460444680851,3.27895851644101,8.69324235976789,6.33562920502901,3.17452399032882,1.02872286537718,5.10950363636364,1.72208461702128,2.10766422823985,23.2040211798839,1.85547061895551,34.2340964603482,5.45362142166344,169.693889361702,43.3807601547389,6.8741466131528
"22","ND63","9/18/19","quagga",NA,1.9085090860735,NA,1.36933908123791,NA,NA,0.46994477417795,NA,2.91895106866538,NA,0.802666072533849,5.92442228723404,NA,0.295593845744681,NA,0.533557352998066,27.0651287717602,NA,NA,NA,NA,1.89503178433269,3.77167634912959,5.93150012088975,NA,NA,NA,1.42540083655706,1.09455799613153,NA,1.92748027079304,NA,18.2420185686654,10.4769522920696,NA,5.77801058027079,5.54146296905222,NA,NA,NA,NA,NA,NA,NA,NA,3.75097083172147,0.374894451644101,NA,NA,NA,NA,NA,NA,NA,NA,0.128598902804642,NA,NA,1.32631884912959,NA,NA,NA,NA,NA,NA,NA,NA,2.27368381044487,0.22456951934236,0.642675308994197,NA,NA,NA,NA,NA,30.8490585106383,1.73065217117988,NA,NA,NA,NA,NA,NA,4.90206609767892,NA,NA,NA,NA,NA,NA,NA,0.310442258220503,NA,1.93570737427466,NA,NA,NA,5.39263636847195,4.45198810444874,NA,NA,NA,NA,NA,NA,15.0255888297872,NA,NA,NA,NA,NA,0.335556932301741,4.23604721953578,NA,16.3768864603482,8.21767332205029,NA,2.04413170696325,2.02361718568665,3.30286536750484,47.4652279980658,NA,NA,2.61704545938104,0.720657712282398,24.2946969535783,12.0359395551257,6.36689885396518,16.6047426499033,NA,20.9434283365571,NA,0.545073761121857,NA,NA,1.23231362669246,NA,2.01940100096712,NA,0.534800364603482,3.58821907640232,21.776083655706,NA,0.686123526112186,5.87496087524178,9.40138392166344,3.0119771615087,NA,0.00561601732108317,4.11715212765957,1.66504390232108,1.20026140232108,3.22752178433269,36.8294766924565,4.95338478239845,17.0902789651838,NA,1.20078609284333,27.2487704545455,1.66893956479691,5.70937161992263,3.30886198742747,26.6277366537718,7.00855035783366,7.27526438104449,1.66408123791103,1.40449224854932,0.580068972437137,4.12013561895551,2.71110885880077,10.0150632736944,6.35073333655706,5.25068672630561,3.74004453578337,33.4708536266925,3.25418001450677,16.6595278046422,46.6709146034816,3.73891612185687,34.5938450193424,9.16615023210832,1.69666144584139,2.00066362185687,1.11514518375242,3.9454037959381,1.85349451644101,17.9525277079304,9.92394055609284,18.1464875725339,20.5675172147002,23.5783297388781,16.4610345261122,3.14576446324952,2.6378837959381,1.88919323017408,5.15590654255319,1.63068655222437,29.2714304642166,9.1753729303675,2.48806269825919,6.63510352514507,4.83546223404255,2.74011063346228,0.937374546421663,4.56497878143133,1.53576257253385,1.79849970502901,27.3152568665377,1.94645804158607,42.8651630077369,9.81043506769826,72.085090377176,29.4786612669246,5.83355971953578
