"","x"
"1","PF00004.33"
"2","PF00005.31"
"3","PF00006.29"
"4","PF00009.31"
"5","PF00011.25"
"6","PF00012.24"
"7","PF00013.33"
"8","PF00015.25"
"9","PF00016.24"
"10","PF00022.23"
"11","PF00023.34"
"12","PF00025.25"
"13","PF00027.33"
"14","PF00028.21"
"15","PF00032.21"
"16","PF00033.23"
"17","PF00034.25"
"18","PF00035.30"
"19","PF00036.36"
"20","PF00037.31"
"21","PF00041.25"
"22","PF00043.29"
"23","PF00044.28"
"24","PF00054.27"
"25","PF00056.27"
"26","PF00059.25"
"27","PF00061.27"
"28","PF00067.26"
"29","PF00069.29"
"30","PF00070.31"
"31","PF00071.26"
"32","PF00072.28"
"33","PF00075.28"
"34","PF00076.26"
"35","PF00078.31"
"36","PF00079.24"
"37","PF00080.24"
"38","PF00081.26"
"39","PF00082.26"
"40","PF00083.28"
"41","PF00085.24"
"42","PF00089.30"
"43","PF00091.29"
"44","PF00092.32"
"45","PF00101.24"
"46","PF00102.31"
"47","PF00106.29"
"48","PF00107.30"
"49","PF00108.27"
"50","PF00109.30"
"51","PF00111.31"
"52","PF00113.26"
"53","PF00114.23"
"54","PF00115.24"
"55","PF00116.24"
"56","PF00117.32"
"57","PF00118.28"
"58","PF00119.24"
"59","PF00120.28"
"60","PF00121.22"
"61","PF00122.24"
"62","PF00124.23"
"63","PF00126.31"
"64","PF00127.24"
"65","PF00128.28"
"66","PF00132.28"
"67","PF00133.26"
"68","PF00135.32"
"69","PF00137.25"
"70","PF00140.24"
"71","PF00141.27"
"72","PF00142.22"
"73","PF00144.28"
"74","PF00145.21"
"75","PF00146.25"
"76","PF00148.23"
"77","PF00149.32"
"78","PF00150.22"
"79","PF00152.24"
"80","PF00154.25"
"81","PF00155.25"
"82","PF00156.31"
"83","PF00158.30"
"84","PF00160.25"
"85","PF00162.23"
"86","PF00163.23"
"87","PF00164.29"
"88","PF00165.27"
"89","PF00166.25"
"90","PF00171.26"
"91","PF00173.32"
"92","PF00174.23"
"93","PF00175.25"
"94","PF00176.27"
"95","PF00177.25"
"96","PF00180.24"
"97","PF00181.27"
"98","PF00183.22"
"99","PF00185.28"
"100","PF00186.23"
"101","PF00188.30"
"102","PF00189.24"
"103","PF00190.26"
"104","PF00194.25"
"105","PF00195.23"
"106","PF00196.23"
"107","PF00198.27"
"108","PF00199.23"
"109","PF00201.22"
"110","PF00202.25"
"111","PF00203.25"
"112","PF00204.29"
"113","PF00205.26"
"114","PF00206.24"
"115","PF00207.26"
"116","PF00208.25"
"117","PF00210.28"
"118","PF00211.24"
"119","PF00213.22"
"120","PF00215.28"
"121","PF00216.25"
"122","PF00217.23"
"123","PF00218.25"
"124","PF00223.23"
"125","PF00224.25"
"126","PF00226.35"
"127","PF00227.30"
"128","PF00230.24"
"129","PF00231.23"
"130","PF00232.22"
"131","PF00233.23"
"132","PF00237.23"
"133","PF00238.23"
"134","PF00239.25"
"135","PF00245.24"
"136","PF00246.28"
"137","PF00248.25"
"138","PF00251.24"
"139","PF00252.22"
"140","PF00253.25"
"141","PF00254.32"
"142","PF00255.23"
"143","PF00258.29"
"144","PF00263.25"
"145","PF00265.22"
"146","PF00266.23"
"147","PF00267.25"
"148","PF00268.25"
"149","PF00270.33"
"150","PF00271.35"
"151","PF00274.23"
"152","PF00275.24"
"153","PF00276.24"
"154","PF00278.26"
"155","PF00281.23"
"156","PF00282.23"
"157","PF00283.23"
"158","PF00284.24"
"159","PF00285.25"
"160","PF00288.30"
"161","PF00289.26"
"162","PF00290.24"
"163","PF00291.29"
"164","PF00292.22"
"165","PF00293.32"
"166","PF00294.28"
"167","PF00295.21"
"168","PF00296.24"
"169","PF00297.26"
"170","PF00298.23"
"171","PF00300.26"
"172","PF00301.24"
"173","PF00303.23"
"174","PF00306.31"
"175","PF00308.22"
"176","PF00309.24"
"177","PF00310.25"
"178","PF00311.21"
"179","PF00312.26"
"180","PF00313.26"
"181","PF00316.24"
"182","PF00317.25"
"183","PF00318.24"
"184","PF00324.25"
"185","PF00325.24"
"186","PF00326.25"
"187","PF00327.24"
"188","PF00329.23"
"189","PF00330.24"
"190","PF00331.24"
"191","PF00333.24"
"192","PF00334.23"
"193","PF00338.26"
"194","PF00342.23"
"195","PF00343.24"
"196","PF00344.24"
"197","PF00346.23"
"198","PF00347.27"
"199","PF00348.21"
"200","PF00350.27"
"201","PF00351.25"
"202","PF00353.23"
"203","PF00355.30"
"204","PF00356.25"
"205","PF00359.26"
"206","PF00360.24"
"207","PF00361.24"
"208","PF00364.26"
"209","PF00365.24"
"210","PF00366.24"
"211","PF00370.25"
"212","PF00374.23"
"213","PF00375.22"
"214","PF00376.27"
"215","PF00378.24"
"216","PF00380.23"
"217","PF00381.23"
"218","PF00383.27"
"219","PF00384.26"
"220","PF00389.34"
"221","PF00390.23"
"222","PF00391.27"
"223","PF00392.25"
"224","PF00393.23"
"225","PF00394.26"
"226","PF00395.24"
"227","PF00398.24"
"228","PF00400.36"
"229","PF00401.24"
"230","PF00403.30"
"231","PF00404.22"
"232","PF00406.26"
"233","PF00408.24"
"234","PF00410.23"
"235","PF00411.23"
"236","PF00413.28"
"237","PF00415.22"
"238","PF00416.26"
"239","PF00420.28"
"240","PF00421.23"
"241","PF00425.22"
"242","PF00427.25"
"243","PF00430.22"
"244","PF00432.25"
"245","PF00436.29"
"246","PF00437.24"
"247","PF00438.24"
"248","PF00440.27"
"249","PF00441.28"
"250","PF00444.22"
"251","PF00445.22"
"252","PF00448.26"
"253","PF00449.24"
"254","PF00453.22"
"255","PF00455.26"
"256","PF00456.25"
"257","PF00459.29"
"258","PF00460.24"
"259","PF00462.28"
"260","PF00463.25"
"261","PF00464.23"
"262","PF00465.23"
"263","PF00466.24"
"264","PF00467.33"
"265","PF00468.21"
"266","PF00471.24"
"267","PF00472.24"
"268","PF00474.21"
"269","PF00475.22"
"270","PF00476.24"
"271","PF00478.29"
"272","PF00479.26"
"273","PF00480.24"
"274","PF00481.25"
"275","PF00482.27"
"276","PF00483.27"
"277","PF00484.23"
"278","PF00485.22"
"279","PF00486.32"
"280","PF00487.28"
"281","PF00488.25"
"282","PF00490.25"
"283","PF00491.25"
"284","PF00493.27"
"285","PF00494.23"
"286","PF00496.26"
"287","PF00497.24"
"288","PF00498.30"
"289","PF00499.24"
"290","PF00501.32"
"291","PF00502.23"
"292","PF00504.25"
"293","PF00507.23"
"294","PF00510.22"
"295","PF00512.29"
"296","PF00514.27"
"297","PF00515.32"
"298","PF00520.35"
"299","PF00521.24"
"300","PF00528.26"
"301","PF00529.24"
"302","PF00532.25"
"303","PF00533.30"
"304","PF00534.24"
"305","PF00535.30"
"306","PF00536.34"
"307","PF00542.23"
"308","PF00543.26"
"309","PF00545.24"
"310","PF00547.22"
"311","PF00549.23"
"312","PF00550.29"
"313","PF00551.23"
"314","PF00553.23"
"315","PF00556.24"
"316","PF00557.28"
"317","PF00560.37"
"318","PF00561.24"
"319","PF00562.32"
"320","PF00563.24"
"321","PF00565.21"
"322","PF00570.27"
"323","PF00571.32"
"324","PF00572.22"
"325","PF00573.26"
"326","PF00574.27"
"327","PF00575.27"
"328","PF00576.25"
"329","PF00577.24"
"330","PF00578.25"
"331","PF00579.29"
"332","PF00580.25"
"333","PF00581.24"
"334","PF00582.30"
"335","PF00583.29"
"336","PF00584.24"
"337","PF00585.22"
"338","PF00586.28"
"339","PF00587.29"
"340","PF00588.23"
"341","PF00589.26"
"342","PF00590.24"
"343","PF00591.25"
"344","PF00593.28"
"345","PF00595.28"
"346","PF00596.25"
"347","PF00614.26"
"348","PF00623.24"
"349","PF00625.25"
"350","PF00633.27"
"351","PF00636.30"
"352","PF00639.25"
"353","PF00648.25"
"354","PF00654.24"
"355","PF00656.26"
"356","PF00657.26"
"357","PF00662.24"
"358","PF00664.27"
"359","PF00665.30"
"360","PF00668.24"
"361","PF00669.24"
"362","PF00670.25"
"363","PF00672.29"
"364","PF00673.25"
"365","PF00675.24"
"366","PF00676.24"
"367","PF00677.21"
"368","PF00679.28"
"369","PF00682.23"
"370","PF00684.23"
"371","PF00685.31"
"372","PF00686.23"
"373","PF00687.25"
"374","PF00689.25"
"375","PF00690.30"
"376","PF00691.24"
"377","PF00692.23"
"378","PF00694.23"
"379","PF00696.32"
"380","PF00697.26"
"381","PF00698.25"
"382","PF00699.24"
"383","PF00700.25"
"384","PF00701.26"
"385","PF00702.30"
"386","PF00703.25"
"387","PF00704.32"
"388","PF00707.26"
"389","PF00708.22"
"390","PF00709.25"
"391","PF00710.24"
"392","PF00712.23"
"393","PF00717.27"
"394","PF00719.23"
"395","PF00722.25"
"396","PF00724.24"
"397","PF00725.26"
"398","PF00730.29"
"399","PF00731.24"
"400","PF00732.23"
"401","PF00733.25"
"402","PF00742.23"
"403","PF00743.23"
"404","PF00745.24"
"405","PF00749.25"
"406","PF00750.23"
"407","PF00753.31"
"408","PF00754.29"
"409","PF00756.24"
"410","PF00759.23"
"411","PF00762.23"
"412","PF00763.27"
"413","PF00764.23"
"414","PF00765.21"
"415","PF00766.23"
"416","PF00768.24"
"417","PF00771.24"
"418","PF00772.25"
"419","PF00773.23"
"420","PF00775.25"
"421","PF00781.28"
"422","PF00782.24"
"423","PF00793.24"
"424","PF00795.26"
"425","PF00796.22"
"426","PF00800.22"
"427","PF00801.24"
"428","PF00805.26"
"429","PF00809.26"
"430","PF00813.24"
"431","PF00814.29"
"432","PF00815.24"
"433","PF00816.25"
"434","PF00817.24"
"435","PF00821.22"
"436","PF00825.22"
"437","PF00828.23"
"438","PF00829.25"
"439","PF00830.23"
"440","PF00831.27"
"441","PF00834.23"
"442","PF00842.25"
"443","PF00848.23"
"444","PF00849.26"
"445","PF00850.23"
"446","PF00852.23"
"447","PF00854.25"
"448","PF00856.32"
"449","PF00857.24"
"450","PF00860.24"
"451","PF00861.26"
"452","PF00866.22"
"453","PF00871.21"
"454","PF00873.23"
"455","PF00875.22"
"456","PF00877.23"
"457","PF00881.28"
"458","PF00883.25"
"459","PF00884.27"
"460","PF00885.23"
"461","PF00886.23"
"462","PF00887.23"
"463","PF00889.23"
"464","PF00890.28"
"465","PF00891.22"
"466","PF00892.24"
"467","PF00893.23"
"468","PF00899.25"
"469","PF00902.22"
"470","PF00903.29"
"471","PF00905.26"
"472","PF00908.21"
"473","PF00909.25"
"474","PF00910.26"
"475","PF00912.26"
"476","PF00916.24"
"477","PF00919.24"
"478","PF00920.25"
"479","PF00923.23"
"480","PF00924.22"
"481","PF00925.24"
"482","PF00926.23"
"483","PF00929.28"
"484","PF00930.25"
"485","PF00931.26"
"486","PF00933.25"
"487","PF00936.23"
"488","PF00939.23"
"489","PF00941.25"
"490","PF00950.21"
"491","PF00953.25"
"492","PF00958.26"
"493","PF00962.26"
"494","PF00970.28"
"495","PF00975.24"
"496","PF00977.25"
"497","PF00984.23"
"498","PF00986.25"
"499","PF00988.26"
"500","PF00989.29"
"501","PF00990.25"
"502","PF00994.28"
"503","PF00999.25"
"504","PF01000.30"
"505","PF01008.21"
"506","PF01010.23"
"507","PF01011.25"
"508","PF01012.25"
"509","PF01016.23"
"510","PF01018.26"
"511","PF01019.25"
"512","PF01022.24"
"513","PF01025.23"
"514","PF01026.25"
"515","PF01027.24"
"516","PF01029.22"
"517","PF01032.22"
"518","PF01035.24"
"519","PF01036.22"
"520","PF01037.25"
"521","PF01039.26"
"522","PF01040.22"
"523","PF01041.21"
"524","PF01042.25"
"525","PF01043.24"
"526","PF01047.26"
"527","PF01048.24"
"528","PF01050.22"
"529","PF01052.24"
"530","PF01053.24"
"531","PF01055.30"
"532","PF01058.26"
"533","PF01059.21"
"534","PF01061.28"
"535","PF01062.25"
"536","PF01063.23"
"537","PF01066.25"
"538","PF01068.25"
"539","PF01070.22"
"540","PF01071.23"
"541","PF01073.23"
"542","PF01074.26"
"543","PF01075.21"
"544","PF01077.26"
"545","PF01078.25"
"546","PF01081.23"
"547","PF01084.24"
"548","PF01087.26"
"549","PF01094.32"
"550","PF01098.23"
"551","PF01103.27"
"552","PF01106.21"
"553","PF01112.22"
"554","PF01113.24"
"555","PF01116.24"
"556","PF01118.28"
"557","PF01119.23"
"558","PF01121.24"
"559","PF01124.22"
"560","PF01126.24"
"561","PF01127.26"
"562","PF01128.23"
"563","PF01129.22"
"564","PF01131.24"
"565","PF01132.24"
"566","PF01134.26"
"567","PF01135.23"
"568","PF01136.23"
"569","PF01138.25"
"570","PF01139.21"
"571","PF01142.22"
"572","PF01144.27"
"573","PF01145.29"
"574","PF01148.24"
"575","PF01149.28"
"576","PF01152.25"
"577","PF01155.23"
"578","PF01156.23"
"579","PF01161.24"
"580","PF01163.26"
"581","PF01165.24"
"582","PF01168.24"
"583","PF01169.23"
"584","PF01170.22"
"585","PF01171.24"
"586","PF01174.23"
"587","PF01175.22"
"588","PF01176.23"
"589","PF01177.26"
"590","PF01180.25"
"591","PF01182.24"
"592","PF01183.24"
"593","PF01187.22"
"594","PF01189.21"
"595","PF01192.26"
"596","PF01193.28"
"597","PF01195.23"
"598","PF01196.23"
"599","PF01197.22"
"600","PF01202.26"
"601","PF01203.23"
"602","PF01206.21"
"603","PF01207.21"
"604","PF01208.21"
"605","PF01209.22"
"606","PF01210.27"
"607","PF01212.25"
"608","PF01218.22"
"609","PF01219.23"
"610","PF01220.23"
"611","PF01223.27"
"612","PF01225.29"
"613","PF01227.26"
"614","PF01230.27"
"615","PF01231.22"
"616","PF01232.27"
"617","PF01235.21"
"618","PF01239.26"
"619","PF01241.22"
"620","PF01242.23"
"621","PF01243.24"
"622","PF01244.25"
"623","PF01245.24"
"624","PF01250.21"
"625","PF01252.22"
"626","PF01253.26"
"627","PF01255.23"
"628","PF01256.21"
"629","PF01257.23"
"630","PF01258.21"
"631","PF01259.22"
"632","PF01261.28"
"633","PF01262.25"
"634","PF01263.24"
"635","PF01264.25"
"636","PF01266.28"
"637","PF01268.23"
"638","PF01272.23"
"639","PF01274.26"
"640","PF01276.24"
"641","PF01281.23"
"642","PF01288.24"
"643","PF01292.24"
"644","PF01293.24"
"645","PF01297.21"
"646","PF01300.22"
"647","PF01306.23"
"648","PF01311.24"
"649","PF01312.23"
"650","PF01313.23"
"651","PF01314.22"
"652","PF01315.26"
"653","PF01316.25"
"654","PF01321.22"
"655","PF01322.24"
"656","PF01323.24"
"657","PF01325.23"
"658","PF01326.23"
"659","PF01327.25"
"660","PF01329.23"
"661","PF01330.25"
"662","PF01333.23"
"663","PF01336.29"
"664","PF01337.22"
"665","PF01339.21"
"666","PF01343.22"
"667","PF01344.29"
"668","PF01345.22"
"669","PF01346.22"
"670","PF01351.22"
"671","PF01355.21"
"672","PF01361.25"
"673","PF01364.22"
"674","PF01367.24"
"675","PF01368.24"
"676","PF01370.25"
"677","PF01379.24"
"678","PF01380.26"
"679","PF01381.26"
"680","PF01383.25"
"681","PF01384.24"
"682","PF01385.23"
"683","PF01386.23"
"684","PF01389.21"
"685","PF01391.22"
"686","PF01396.23"
"687","PF01401.22"
"688","PF01402.25"
"689","PF01406.23"
"690","PF01408.26"
"691","PF01409.24"
"692","PF01411.23"
"693","PF01416.24"
"694","PF01418.21"
"695","PF01420.23"
"696","PF01424.26"
"697","PF01425.25"
"698","PF01427.21"
"699","PF01430.23"
"700","PF01431.25"
"701","PF01432.24"
"702","PF01433.24"
"703","PF01434.22"
"704","PF01435.22"
"705","PF01436.25"
"706","PF01443.22"
"707","PF01450.23"
"708","PF01451.25"
"709","PF01455.22"
"710","PF01458.21"
"711","PF01464.24"
"712","PF01467.30"
"713","PF01470.21"
"714","PF01471.22"
"715","PF01472.24"
"716","PF01474.20"
"717","PF01475.23"
"718","PF01476.24"
"719","PF01478.22"
"720","PF01479.29"
"721","PF01483.24"
"722","PF01487.19"
"723","PF01488.24"
"724","PF01491.20"
"725","PF01493.23"
"726","PF01494.23"
"727","PF01497.22"
"728","PF01502.22"
"729","PF01503.21"
"730","PF01507.23"
"731","PF01509.22"
"732","PF01510.29"
"733","PF01512.21"
"734","PF01513.25"
"735","PF01514.21"
"736","PF01515.23"
"737","PF01520.22"
"738","PF01521.24"
"739","PF01522.25"
"740","PF01523.20"
"741","PF01527.24"
"742","PF01531.20"
"743","PF01535.24"
"744","PF01541.28"
"745","PF01544.22"
"746","PF01545.25"
"747","PF01546.32"
"748","PF01547.29"
"749","PF01548.21"
"750","PF01551.26"
"751","PF01553.25"
"752","PF01554.22"
"753","PF01555.22"
"754","PF01556.22"
"755","PF01557.22"
"756","PF01558.22"
"757","PF01564.21"
"758","PF01565.27"
"759","PF01566.22"
"760","PF01568.25"
"761","PF01569.25"
"762","PF01571.25"
"763","PF01575.23"
"764","PF01578.24"
"765","PF01580.22"
"766","PF01582.24"
"767","PF01583.24"
"768","PF01584.23"
"769","PF01588.24"
"770","PF01590.30"
"771","PF01592.20"
"772","PF01593.28"
"773","PF01594.20"
"774","PF01595.24"
"775","PF01596.21"
"776","PF01597.23"
"777","PF01609.25"
"778","PF01610.21"
"779","PF01612.24"
"780","PF01613.22"
"781","PF01614.22"
"782","PF01618.20"
"783","PF01619.22"
"784","PF01624.24"
"785","PF01625.25"
"786","PF01627.27"
"787","PF01628.25"
"788","PF01632.23"
"789","PF01633.24"
"790","PF01634.22"
"791","PF01636.27"
"792","PF01637.22"
"793","PF01638.21"
"794","PF01641.22"
"795","PF01642.26"
"796","PF01643.21"
"797","PF01645.21"
"798","PF01648.24"
"799","PF01649.22"
"800","PF01653.22"
"801","PF01654.21"
"802","PF01656.27"
"803","PF01658.21"
"804","PF01661.25"
"805","PF01663.26"
"806","PF01668.22"
"807","PF01674.22"
"808","PF01676.22"
"809","PF01678.23"
"810","PF01679.21"
"811","PF01680.21"
"812","PF01687.21"
"813","PF01694.26"
"814","PF01695.21"
"815","PF01699.28"
"816","PF01701.22"
"817","PF01702.22"
"818","PF01704.22"
"819","PF01706.20"
"820","PF01709.24"
"821","PF01712.23"
"822","PF01713.25"
"823","PF01715.21"
"824","PF01716.22"
"825","PF01717.22"
"826","PF01722.22"
"827","PF01724.20"
"828","PF01725.20"
"829","PF01726.20"
"830","PF01728.23"
"831","PF01729.23"
"832","PF01730.20"
"833","PF01731.24"
"834","PF01734.26"
"835","PF01737.21"
"836","PF01738.22"
"837","PF01739.22"
"838","PF01740.25"
"839","PF01741.22"
"840","PF01743.24"
"841","PF01744.24"
"842","PF01745.20"
"843","PF01746.25"
"844","PF01747.21"
"845","PF01751.26"
"846","PF01755.21"
"847","PF01757.26"
"848","PF01758.20"
"849","PF01761.24"
"850","PF01764.29"
"851","PF01765.23"
"852","PF01769.20"
"853","PF01773.24"
"854","PF01774.21"
"855","PF01782.22"
"856","PF01783.27"
"857","PF01784.22"
"858","PF01788.21"
"859","PF01789.20"
"860","PF01790.22"
"861","PF01791.13"
"862","PF01794.23"
"863","PF01795.23"
"864","PF01796.21"
"865","PF01797.20"
"866","PF01799.24"
"867","PF01804.22"
"868","PF01807.24"
"869","PF01808.22"
"870","PF01809.22"
"871","PF01810.22"
"872","PF01812.24"
"873","PF01814.27"
"874","PF01817.25"
"875","PF01820.25"
"876","PF01832.24"
"877","PF01835.23"
"878","PF01839.27"
"879","PF01841.23"
"880","PF01842.29"
"881","PF01844.27"
"882","PF01845.21"
"883","PF01847.20"
"884","PF01850.25"
"885","PF01855.23"
"886","PF01863.21"
"887","PF01864.21"
"888","PF01865.20"
"889","PF01867.20"
"890","PF01869.24"
"891","PF01872.21"
"892","PF01874.20"
"893","PF01875.21"
"894","PF01878.22"
"895","PF01882.22"
"896","PF01883.23"
"897","PF01887.20"
"898","PF01888.21"
"899","PF01890.20"
"900","PF01891.20"
"901","PF01894.21"
"902","PF01895.23"
"903","PF01903.21"
"904","PF01906.21"
"905","PF01909.27"
"906","PF01913.22"
"907","PF01914.21"
"908","PF01915.26"
"909","PF01916.21"
"910","PF01921.22"
"911","PF01923.22"
"912","PF01924.20"
"913","PF01925.23"
"914","PF01926.27"
"915","PF01928.25"
"916","PF01930.21"
"917","PF01933.22"
"918","PF01934.21"
"919","PF01935.21"
"920","PF01936.22"
"921","PF01938.24"
"922","PF01940.20"
"923","PF01943.21"
"924","PF01944.21"
"925","PF01946.21"
"926","PF01947.20"
"927","PF01954.20"
"928","PF01957.22"
"929","PF01958.22"
"930","PF01960.22"
"931","PF01963.21"
"932","PF01964.22"
"933","PF01965.28"
"934","PF01966.26"
"935","PF01967.25"
"936","PF01968.22"
"937","PF01969.21"
"938","PF01970.20"
"939","PF01972.20"
"940","PF01975.21"
"941","PF01976.21"
"942","PF01977.20"
"943","PF01978.23"
"944","PF01979.24"
"945","PF01983.20"
"946","PF01985.25"
"947","PF01987.21"
"948","PF01988.23"
"949","PF01989.20"
"950","PF01996.20"
"951","PF02002.21"
"952","PF02005.20"
"953","PF02012.24"
"954","PF02016.19"
"955","PF02018.21"
"956","PF02021.21"
"957","PF02033.22"
"958","PF02036.21"
"959","PF02040.19"
"960","PF02049.22"
"961","PF02050.20"
"962","PF02065.22"
"963","PF02074.19"
"964","PF02075.21"
"965","PF02080.25"
"966","PF02082.24"
"967","PF02085.20"
"968","PF02086.19"
"969","PF02089.19"
"970","PF02091.19"
"971","PF02092.21"
"972","PF02096.24"
"973","PF02104.19"
"974","PF02107.20"
"975","PF02108.20"
"976","PF02110.19"
"977","PF02113.19"
"978","PF02119.20"
"979","PF02120.20"
"980","PF02126.22"
"981","PF02127.19"
"982","PF02129.22"
"983","PF02130.21"
"984","PF02132.19"
"985","PF02133.19"
"986","PF02136.24"
"987","PF02142.26"
"988","PF02146.21"
"989","PF02151.23"
"990","PF02152.22"
"991","PF02153.21"
"992","PF02154.19"
"993","PF02163.26"
"994","PF02167.19"
"995","PF02169.20"
"996","PF02190.20"
"997","PF02195.22"
"998","PF02201.22"
"999","PF02210.28"
"1000","PF02211.19"
"1001","PF02219.21"
"1002","PF02222.26"
"1003","PF02223.21"
"1004","PF02224.22"
"1005","PF02225.26"
"1006","PF02230.20"
"1007","PF02233.20"
"1008","PF02237.21"
"1009","PF02239.20"
"1010","PF02254.22"
"1011","PF02261.20"
"1012","PF02265.20"
"1013","PF02272.23"
"1014","PF02275.22"
"1015","PF02276.22"
"1016","PF02277.21"
"1017","PF02281.20"
"1018","PF02283.20"
"1019","PF02289.20"
"1020","PF02300.21"
"1021","PF02308.20"
"1022","PF02310.23"
"1023","PF02311.23"
"1024","PF02321.22"
"1025","PF02322.19"
"1026","PF02325.21"
"1027","PF02326.19"
"1028","PF02347.20"
"1029","PF02348.23"
"1030","PF02350.23"
"1031","PF02353.24"
"1032","PF02355.20"
"1033","PF02357.23"
"1034","PF02361.20"
"1035","PF02366.22"
"1036","PF02367.21"
"1037","PF02368.22"
"1038","PF02371.20"
"1039","PF02374.19"
"1040","PF02378.22"
"1041","PF02381.22"
"1042","PF02384.20"
"1043","PF02386.20"
"1044","PF02388.20"
"1045","PF02390.21"
"1046","PF02391.21"
"1047","PF02397.20"
"1048","PF02401.22"
"1049","PF02403.26"
"1050","PF02405.20"
"1051","PF02410.19"
"1052","PF02412.22"
"1053","PF02416.20"
"1054","PF02417.19"
"1055","PF02419.21"
"1056","PF02421.22"
"1057","PF02423.19"
"1058","PF02424.19"
"1059","PF02427.21"
"1060","PF02433.19"
"1061","PF02436.22"
"1062","PF02441.23"
"1063","PF02445.20"
"1064","PF02446.21"
"1065","PF02449.19"
"1066","PF02450.19"
"1067","PF02452.21"
"1068","PF02457.20"
"1069","PF02460.22"
"1070","PF02462.19"
"1071","PF02463.23"
"1072","PF02464.21"
"1073","PF02465.22"
"1074","PF02467.20"
"1075","PF02468.19"
"1076","PF02469.26"
"1077","PF02470.24"
"1078","PF02472.20"
"1079","PF02475.20"
"1080","PF02481.19"
"1081","PF02482.23"
"1082","PF02491.24"
"1083","PF02492.23"
"1084","PF02493.24"
"1085","PF02494.20"
"1086","PF02501.21"
"1087","PF02502.22"
"1088","PF02503.21"
"1089","PF02504.19"
"1090","PF02507.19"
"1091","PF02511.19"
"1092","PF02514.20"
"1093","PF02515.21"
"1094","PF02517.20"
"1095","PF02518.30"
"1096","PF02525.21"
"1097","PF02527.19"
"1098","PF02531.20"
"1099","PF02532.18"
"1100","PF02534.18"
"1101","PF02535.26"
"1102","PF02537.19"
"1103","PF02538.18"
"1104","PF02540.21"
"1105","PF02541.20"
"1106","PF02542.20"
"1107","PF02543.19"
"1108","PF02544.20"
"1109","PF02545.18"
"1110","PF02547.19"
"1111","PF02548.19"
"1112","PF02550.19"
"1113","PF02551.19"
"1114","PF02554.18"
"1115","PF02556.18"
"1116","PF02557.21"
"1117","PF02558.20"
"1118","PF02559.20"
"1119","PF02560.18"
"1120","PF02561.18"
"1121","PF02562.20"
"1122","PF02563.20"
"1123","PF02565.19"
"1124","PF02566.23"
"1125","PF02567.20"
"1126","PF02568.18"
"1127","PF02569.19"
"1128","PF02570.19"
"1129","PF02571.18"
"1130","PF02572.19"
"1131","PF02574.20"
"1132","PF02575.20"
"1133","PF02576.21"
"1134","PF02577.18"
"1135","PF02578.19"
"1136","PF02580.20"
"1137","PF02581.21"
"1138","PF02583.21"
"1139","PF02585.21"
"1140","PF02586.18"
"1141","PF02588.19"
"1142","PF02589.19"
"1143","PF02590.21"
"1144","PF02591.19"
"1145","PF02592.19"
"1146","PF02594.20"
"1147","PF02596.19"
"1148","PF02597.24"
"1149","PF02599.20"
"1150","PF02600.20"
"1151","PF02601.19"
"1152","PF02602.19"
"1153","PF02603.20"
"1154","PF02604.23"
"1155","PF02605.19"
"1156","PF02606.18"
"1157","PF02607.21"
"1158","PF02608.18"
"1159","PF02609.20"
"1160","PF02613.19"
"1161","PF02614.18"
"1162","PF02615.18"
"1163","PF02616.18"
"1164","PF02617.21"
"1165","PF02618.20"
"1166","PF02620.21"
"1167","PF02621.18"
"1168","PF02622.19"
"1169","PF02623.19"
"1170","PF02624.20"
"1171","PF02625.20"
"1172","PF02626.19"
"1173","PF02627.24"
"1174","PF02628.19"
"1175","PF02629.23"
"1176","PF02630.18"
"1177","PF02631.20"
"1178","PF02632.18"
"1179","PF02633.18"
"1180","PF02634.19"
"1181","PF02635.19"
"1182","PF02636.21"
"1183","PF02637.22"
"1184","PF02638.19"
"1185","PF02639.18"
"1186","PF02643.19"
"1187","PF02645.20"
"1188","PF02646.20"
"1189","PF02649.18"
"1190","PF02650.18"
"1191","PF02652.18"
"1192","PF02653.20"
"1193","PF02654.19"
"1194","PF02655.18"
"1195","PF02656.19"
"1196","PF02657.19"
"1197","PF02660.19"
"1198","PF02661.22"
"1199","PF02666.19"
"1200","PF02668.20"
"1201","PF02669.19"
"1202","PF02670.20"
"1203","PF02672.19"
"1204","PF02673.22"
"1205","PF02674.20"
"1206","PF02675.19"
"1207","PF02678.20"
"1208","PF02682.20"
"1209","PF02683.19"
"1210","PF02684.19"
"1211","PF02685.20"
"1212","PF02686.19"
"1213","PF02687.25"
"1214","PF02689.18"
"1215","PF02696.18"
"1216","PF02698.21"
"1217","PF02699.19"
"1218","PF02700.18"
"1219","PF02705.20"
"1220","PF02706.19"
"1221","PF02709.18"
"1222","PF02719.19"
"1223","PF02729.25"
"1224","PF02730.19"
"1225","PF02733.21"
"1226","PF02734.21"
"1227","PF02737.22"
"1228","PF02738.22"
"1229","PF02739.20"
"1230","PF02741.19"
"1231","PF02742.19"
"1232","PF02743.22"
"1233","PF02744.21"
"1234","PF02746.20"
"1235","PF02749.20"
"1236","PF02754.20"
"1237","PF02767.20"
"1238","PF02768.19"
"1239","PF02769.26"
"1240","PF02770.23"
"1241","PF02771.20"
"1242","PF02772.20"
"1243","PF02773.20"
"1244","PF02774.22"
"1245","PF02775.25"
"1246","PF02776.22"
"1247","PF02777.22"
"1248","PF02779.28"
"1249","PF02780.24"
"1250","PF02781.20"
"1251","PF02782.20"
"1252","PF02784.20"
"1253","PF02785.23"
"1254","PF02786.21"
"1255","PF02787.23"
"1256","PF02788.20"
"1257","PF02789.21"
"1258","PF02790.19"
"1259","PF02796.19"
"1260","PF02797.19"
"1261","PF02798.24"
"1262","PF02800.24"
"1263","PF02801.26"
"1264","PF02803.22"
"1265","PF02806.22"
"1266","PF02810.19"
"1267","PF02811.23"
"1268","PF02812.22"
"1269","PF02814.19"
"1270","PF02817.21"
"1271","PF02823.20"
"1272","PF02824.25"
"1273","PF02826.23"
"1274","PF02830.22"
"1275","PF02833.18"
"1276","PF02834.20"
"1277","PF02836.21"
"1278","PF02837.22"
"1279","PF02843.20"
"1280","PF02844.19"
"1281","PF02852.26"
"1282","PF02861.24"
"1283","PF02863.22"
"1284","PF02866.22"
"1285","PF02867.19"
"1286","PF02870.19"
"1287","PF02872.22"
"1288","PF02873.20"
"1289","PF02874.27"
"1290","PF02875.25"
"1291","PF02878.20"
"1292","PF02879.20"
"1293","PF02880.20"
"1294","PF02881.23"
"1295","PF02882.23"
"1296","PF02885.21"
"1297","PF02887.20"
"1298","PF02894.21"
"1299","PF02895.18"
"1300","PF02896.22"
"1301","PF02897.19"
"1302","PF02899.21"
"1303","PF02900.22"
"1304","PF02910.24"
"1305","PF02911.22"
"1306","PF02912.22"
"1307","PF02913.23"
"1308","PF02915.21"
"1309","PF02922.22"
"1310","PF02926.21"
"1311","PF02927.18"
"1312","PF02934.19"
"1313","PF02938.18"
"1314","PF02941.19"
"1315","PF02951.18"
"1316","PF02954.23"
"1317","PF02955.20"
"1318","PF02958.24"
"1319","PF02965.21"
"1320","PF02971.18"
"1321","PF02978.23"
"1322","PF02979.20"
"1323","PF02985.26"
"1324","PF02995.21"
"1325","PF03006.24"
"1326","PF03009.21"
"1327","PF03023.18"
"1328","PF03030.20"
"1329","PF03031.22"
"1330","PF03033.24"
"1331","PF03040.18"
"1332","PF03050.18"
"1333","PF03054.20"
"1334","PF03055.19"
"1335","PF03060.19"
"1336","PF03061.26"
"1337","PF03062.23"
"1338","PF03065.19"
"1339","PF03069.19"
"1340","PF03070.20"
"1341","PF03073.19"
"1342","PF03079.18"
"1343","PF03083.20"
"1344","PF03088.20"
"1345","PF03091.19"
"1346","PF03092.20"
"1347","PF03096.18"
"1348","PF03098.19"
"1349","PF03099.23"
"1350","PF03100.19"
"1351","PF03102.18"
"1352","PF03104.23"
"1353","PF03109.20"
"1354","PF03118.19"
"1355","PF03119.20"
"1356","PF03120.20"
"1357","PF03129.24"
"1358","PF03130.20"
"1359","PF03133.19"
"1360","PF03136.19"
"1361","PF03137.24"
"1362","PF03142.19"
"1363","PF03143.21"
"1364","PF03144.29"
"1365","PF03147.18"
"1366","PF03150.18"
"1367","PF03151.20"
"1368","PF03160.18"
"1369","PF03162.17"
"1370","PF03167.23"
"1371","PF03168.17"
"1372","PF03169.19"
"1373","PF03171.24"
"1374","PF03176.19"
"1375","PF03186.17"
"1376","PF03188.20"
"1377","PF03190.19"
"1378","PF03193.20"
"1379","PF03200.20"
"1380","PF03203.18"
"1381","PF03209.19"
"1382","PF03215.19"
"1383","PF03232.17"
"1384","PF03235.18"
"1385","PF03237.19"
"1386","PF03239.18"
"1387","PF03241.17"
"1388","PF03255.18"
"1389","PF03266.19"
"1390","PF03279.17"
"1391","PF03288.20"
"1392","PF03301.17"
"1393","PF03306.17"
"1394","PF03308.20"
"1395","PF03309.18"
"1396","PF03313.19"
"1397","PF03315.19"
"1398","PF03319.17"
"1399","PF03320.17"
"1400","PF03321.17"
"1401","PF03328.18"
"1402","PF03330.22"
"1403","PF03331.17"
"1404","PF03350.20"
"1405","PF03352.17"
"1406","PF03358.19"
"1407","PF03364.24"
"1408","PF03372.27"
"1409","PF03379.17"
"1410","PF03400.17"
"1411","PF03401.18"
"1412","PF03403.17"
"1413","PF03404.20"
"1414","PF03405.18"
"1415","PF03412.19"
"1416","PF03413.23"
"1417","PF03417.20"
"1418","PF03422.19"
"1419","PF03425.17"
"1420","PF03435.22"
"1421","PF03437.19"
"1422","PF03441.18"
"1423","PF03444.19"
"1424","PF03445.17"
"1425","PF03446.19"
"1426","PF03447.20"
"1427","PF03448.21"
"1428","PF03449.19"
"1429","PF03450.21"
"1430","PF03453.21"
"1431","PF03454.19"
"1432","PF03458.17"
"1433","PF03459.21"
"1434","PF03460.21"
"1435","PF03461.19"
"1436","PF03462.22"
"1437","PF03466.24"
"1438","PF03471.21"
"1439","PF03472.19"
"1440","PF03473.21"
"1441","PF03476.20"
"1442","PF03477.20"
"1443","PF03480.17"
"1444","PF03481.17"
"1445","PF03483.21"
"1446","PF03484.19"
"1447","PF03485.20"
"1448","PF03486.18"
"1449","PF03496.18"
"1450","PF03504.17"
"1451","PF03544.18"
"1452","PF03547.22"
"1453","PF03548.19"
"1454","PF03550.18"
"1455","PF03551.18"
"1456","PF03552.18"
"1457","PF03553.18"
"1458","PF03561.19"
"1459","PF03562.21"
"1460","PF03567.18"
"1461","PF03572.22"
"1462","PF03575.21"
"1463","PF03576.18"
"1464","PF03583.18"
"1465","PF03588.18"
"1466","PF03591.18"
"1467","PF03594.17"
"1468","PF03595.21"
"1469","PF03596.17"
"1470","PF03597.19"
"1471","PF03599.20"
"1472","PF03600.20"
"1473","PF03601.18"
"1474","PF03602.19"
"1475","PF03603.17"
"1476","PF03606.19"
"1477","PF03610.20"
"1478","PF03616.18"
"1479","PF03618.18"
"1480","PF03626.18"
"1481","PF03629.22"
"1482","PF03631.19"
"1483","PF03633.19"
"1484","PF03640.19"
"1485","PF03641.18"
"1486","PF03646.19"
"1487","PF03652.19"
"1488","PF03653.17"
"1489","PF03658.18"
"1490","PF03663.18"
"1491","PF03668.19"
"1492","PF03683.17"
"1493","PF03692.19"
"1494","PF03693.18"
"1495","PF03695.17"
"1496","PF03699.17"
"1497","PF03702.18"
"1498","PF03703.18"
"1499","PF03704.21"
"1500","PF03705.19"
"1501","PF03706.17"
"1502","PF03707.20"
"1503","PF03709.19"
"1504","PF03710.19"
"1505","PF03711.19"
"1506","PF03712.19"
"1507","PF03713.17"
"1508","PF03717.19"
"1509","PF03719.19"
"1510","PF03720.19"
"1511","PF03721.18"
"1512","PF03724.20"
"1513","PF03725.19"
"1514","PF03726.18"
"1515","PF03729.17"
"1516","PF03734.18"
"1517","PF03737.19"
"1518","PF03738.18"
"1519","PF03739.18"
"1520","PF03740.17"
"1521","PF03741.20"
"1522","PF03745.18"
"1523","PF03746.20"
"1524","PF03747.18"
"1525","PF03748.18"
"1526","PF03749.17"
"1527","PF03755.17"
"1528","PF03764.22"
"1529","PF03772.20"
"1530","PF03773.17"
"1531","PF03775.20"
"1532","PF03776.18"
"1533","PF03781.20"
"1534","PF03783.18"
"1535","PF03786.17"
"1536","PF03787.19"
"1537","PF03788.18"
"1538","PF03793.23"
"1539","PF03795.18"
"1540","PF03796.19"
"1541","PF03797.23"
"1542","PF03799.19"
"1543","PF03806.17"
"1544","PF03807.21"
"1545","PF03808.17"
"1546","PF03814.19"
"1547","PF03816.18"
"1548","PF03817.17"
"1549","PF03818.17"
"1550","PF03819.21"
"1551","PF03824.20"
"1552","PF03825.20"
"1553","PF03831.18"
"1554","PF03840.18"
"1555","PF03841.17"
"1556","PF03845.17"
"1557","PF03848.18"
"1558","PF03852.19"
"1559","PF03853.19"
"1560","PF03861.18"
"1561","PF03865.17"
"1562","PF03869.18"
"1563","PF03872.17"
"1564","PF03880.19"
"1565","PF03881.18"
"1566","PF03883.18"
"1567","PF03884.18"
"1568","PF03886.17"
"1569","PF03888.18"
"1570","PF03891.19"
"1571","PF03894.19"
"1572","PF03899.19"
"1573","PF03900.19"
"1574","PF03901.21"
"1575","PF03912.18"
"1576","PF03916.18"
"1577","PF03918.18"
"1578","PF03922.18"
"1579","PF03928.18"
"1580","PF03929.20"
"1581","PF03932.18"
"1582","PF03934.17"
"1583","PF03935.19"
"1584","PF03937.20"
"1585","PF03938.18"
"1586","PF03946.18"
"1587","PF03947.22"
"1588","PF03948.18"
"1589","PF03949.19"
"1590","PF03950.22"
"1591","PF03951.23"
"1592","PF03952.20"
"1593","PF03958.21"
"1594","PF03959.17"
"1595","PF03960.19"
"1596","PF03963.18"
"1597","PF03965.20"
"1598","PF03966.20"
"1599","PF03967.17"
"1600","PF03968.18"
"1601","PF03969.20"
"1602","PF03971.18"
"1603","PF03972.18"
"1604","PF03974.17"
"1605","PF03976.18"
"1606","PF03979.18"
"1607","PF03981.16"
"1608","PF03982.17"
"1609","PF03983.16"
"1610","PF03989.17"
"1611","PF03992.20"
"1612","PF03993.16"
"1613","PF03994.18"
"1614","PF04002.19"
"1615","PF04011.16"
"1616","PF04012.16"
"1617","PF04014.22"
"1618","PF04015.16"
"1619","PF04020.17"
"1620","PF04023.18"
"1621","PF04026.16"
"1622","PF04028.17"
"1623","PF04029.18"
"1624","PF04039.17"
"1625","PF04052.17"
"1626","PF04055.25"
"1627","PF04060.17"
"1628","PF04069.16"
"1629","PF04073.19"
"1630","PF04075.18"
"1631","PF04079.20"
"1632","PF04085.18"
"1633","PF04093.16"
"1634","PF04095.20"
"1635","PF04098.19"
"1636","PF04101.20"
"1637","PF04102.16"
"1638","PF04107.17"
"1639","PF04115.16"
"1640","PF04116.17"
"1641","PF04127.19"
"1642","PF04131.18"
"1643","PF04134.16"
"1644","PF04138.18"
"1645","PF04140.18"
"1646","PF04143.18"
"1647","PF04151.19"
"1648","PF04166.16"
"1649","PF04168.16"
"1650","PF04172.20"
"1651","PF04173.17"
"1652","PF04174.17"
"1653","PF04185.18"
"1654","PF04187.17"
"1655","PF04188.17"
"1656","PF04191.17"
"1657","PF04193.18"
"1658","PF04198.17"
"1659","PF04199.17"
"1660","PF04205.18"
"1661","PF04212.22"
"1662","PF04214.17"
"1663","PF04221.16"
"1664","PF04226.17"
"1665","PF04227.16"
"1666","PF04228.17"
"1667","PF04230.17"
"1668","PF04234.16"
"1669","PF04235.16"
"1670","PF04238.16"
"1671","PF04240.16"
"1672","PF04244.17"
"1673","PF04247.16"
"1674","PF04248.16"
"1675","PF04250.17"
"1676","PF04255.18"
"1677","PF04257.18"
"1678","PF04263.20"
"1679","PF04264.17"
"1680","PF04265.18"
"1681","PF04267.16"
"1682","PF04268.16"
"1683","PF04273.17"
"1684","PF04279.19"
"1685","PF04280.19"
"1686","PF04286.16"
"1687","PF04289.16"
"1688","PF04290.16"
"1689","PF04295.17"
"1690","PF04296.17"
"1691","PF04298.16"
"1692","PF04299.16"
"1693","PF04303.17"
"1694","PF04305.18"
"1695","PF04306.17"
"1696","PF04307.18"
"1697","PF04313.18"
"1698","PF04314.17"
"1699","PF04316.17"
"1700","PF04321.21"
"1701","PF04324.19"
"1702","PF04325.17"
"1703","PF04328.17"
"1704","PF04333.17"
"1705","PF04337.16"
"1706","PF04339.16"
"1707","PF04340.16"
"1708","PF04341.16"
"1709","PF04342.16"
"1710","PF04343.17"
"1711","PF04345.17"
"1712","PF04347.17"
"1713","PF04348.17"
"1714","PF04350.17"
"1715","PF04351.17"
"1716","PF04354.17"
"1717","PF04355.17"
"1718","PF04356.16"
"1719","PF04357.17"
"1720","PF04359.18"
"1721","PF04361.17"
"1722","PF04362.18"
"1723","PF04364.17"
"1724","PF04365.17"
"1725","PF04366.16"
"1726","PF04367.17"
"1727","PF04371.19"
"1728","PF04375.18"
"1729","PF04376.17"
"1730","PF04377.19"
"1731","PF04378.17"
"1732","PF04379.18"
"1733","PF04380.17"
"1734","PF04384.17"
"1735","PF04386.17"
"1736","PF04389.21"
"1737","PF04390.16"
"1738","PF04391.16"
"1739","PF04392.16"
"1740","PF04397.19"
"1741","PF04402.18"
"1742","PF04403.17"
"1743","PF04406.18"
"1744","PF04408.27"
"1745","PF04412.17"
"1746","PF04413.20"
"1747","PF04417.16"
"1748","PF04422.17"
"1749","PF04430.18"
"1750","PF04432.17"
"1751","PF04434.21"
"1752","PF04442.18"
"1753","PF04452.18"
"1754","PF04453.18"
"1755","PF04455.16"
"1756","PF04456.16"
"1757","PF04459.16"
"1758","PF04461.17"
"1759","PF04464.18"
"1760","PF04468.16"
"1761","PF04471.16"
"1762","PF04472.16"
"1763","PF04473.16"
"1764","PF04474.16"
"1765","PF04476.17"
"1766","PF04480.16"
"1767","PF04481.16"
"1768","PF04513.16"
"1769","PF04519.17"
"1770","PF04536.18"
"1771","PF04539.20"
"1772","PF04542.18"
"1773","PF04545.20"
"1774","PF04546.17"
"1775","PF04548.20"
"1776","PF04551.18"
"1777","PF04552.17"
"1778","PF04560.24"
"1779","PF04561.18"
"1780","PF04563.19"
"1781","PF04565.20"
"1782","PF04575.17"
"1783","PF04577.18"
"1784","PF04586.21"
"1785","PF04588.17"
"1786","PF04607.21"
"1787","PF04608.17"
"1788","PF04612.16"
"1789","PF04613.18"
"1790","PF04616.18"
"1791","PF04632.16"
"1792","PF04654.16"
"1793","PF04657.17"
"1794","PF04665.16"
"1795","PF04670.16"
"1796","PF04675.18"
"1797","PF04677.19"
"1798","PF04679.19"
"1799","PF04685.17"
"1800","PF04703.16"
"1801","PF04715.17"
"1802","PF04717.16"
"1803","PF04733.18"
"1804","PF04734.17"
"1805","PF04748.17"
"1806","PF04751.18"
"1807","PF04752.16"
"1808","PF04754.16"
"1809","PF04755.16"
"1810","PF04760.19"
"1811","PF04765.17"
"1812","PF04773.17"
"1813","PF04800.16"
"1814","PF04820.18"
"1815","PF04828.18"
"1816","PF04832.16"
"1817","PF04839.17"
"1818","PF04851.19"
"1819","PF04860.16"
"1820","PF04862.16"
"1821","PF04879.20"
"1822","PF04892.16"
"1823","PF04898.18"
"1824","PF04909.18"
"1825","PF04919.16"
"1826","PF04932.19"
"1827","PF04940.16"
"1828","PF04945.17"
"1829","PF04952.18"
"1830","PF04955.16"
"1831","PF04960.19"
"1832","PF04961.16"
"1833","PF04962.16"
"1834","PF04963.17"
"1835","PF04964.18"
"1836","PF04965.18"
"1837","PF04966.16"
"1838","PF04970.17"
"1839","PF04972.21"
"1840","PF04973.16"
"1841","PF04976.16"
"1842","PF04977.19"
"1843","PF04978.16"
"1844","PF04982.17"
"1845","PF04983.22"
"1846","PF04991.17"
"1847","PF04993.17"
"1848","PF04995.18"
"1849","PF04997.16"
"1850","PF04998.21"
"1851","PF04999.17"
"1852","PF05000.21"
"1853","PF05013.16"
"1854","PF05014.19"
"1855","PF05015.17"
"1856","PF05016.19"
"1857","PF05025.17"
"1858","PF05035.16"
"1859","PF05036.17"
"1860","PF05037.17"
"1861","PF05048.17"
"1862","PF05049.17"
"1863","PF05050.16"
"1864","PF05057.18"
"1865","PF05065.17"
"1866","PF05071.20"
"1867","PF05090.18"
"1868","PF05099.17"
"1869","PF05114.17"
"1870","PF05116.17"
"1871","PF05118.19"
"1872","PF05127.18"
"1873","PF05128.16"
"1874","PF05130.16"
"1875","PF05134.17"
"1876","PF05135.17"
"1877","PF05137.17"
"1878","PF05138.16"
"1879","PF05140.18"
"1880","PF05145.16"
"1881","PF05153.19"
"1882","PF05154.20"
"1883","PF05157.19"
"1884","PF05161.17"
"1885","PF05163.16"
"1886","PF05164.17"
"1887","PF05168.18"
"1888","PF05170.18"
"1889","PF05173.18"
"1890","PF05175.18"
"1891","PF05185.20"
"1892","PF05187.17"
"1893","PF05188.21"
"1894","PF05190.22"
"1895","PF05191.18"
"1896","PF05192.22"
"1897","PF05193.25"
"1898","PF05194.16"
"1899","PF05195.20"
"1900","PF05198.20"
"1901","PF05199.17"
"1902","PF05201.19"
"1903","PF05209.17"
"1904","PF05221.21"
"1905","PF05222.19"
"1906","PF05226.15"
"1907","PF05229.19"
"1908","PF05231.18"
"1909","PF05233.17"
"1910","PF05235.18"
"1911","PF05239.20"
"1912","PF05247.17"
"1913","PF05258.16"
"1914","PF05275.15"
"1915","PF05280.15"
"1916","PF05292.15"
"1917","PF05299.16"
"1918","PF05336.17"
"1919","PF05343.18"
"1920","PF05345.16"
"1921","PF05359.15"
"1922","PF05362.17"
"1923","PF05368.17"
"1924","PF05378.17"
"1925","PF05401.15"
"1926","PF05402.16"
"1927","PF05405.18"
"1928","PF05419.16"
"1929","PF05425.17"
"1930","PF05426.16"
"1931","PF05430.15"
"1932","PF05433.19"
"1933","PF05437.16"
"1934","PF05448.16"
"1935","PF05488.17"
"1936","PF05491.17"
"1937","PF05494.16"
"1938","PF05496.16"
"1939","PF05521.15"
"1940","PF05523.15"
"1941","PF05524.17"
"1942","PF05532.16"
"1943","PF05534.16"
"1944","PF05542.15"
"1945","PF05544.15"
"1946","PF05545.15"
"1947","PF05547.15"
"1948","PF05567.15"
"1949","PF05569.15"
"1950","PF05575.15"
"1951","PF05591.16"
"1952","PF05593.18"
"1953","PF05597.15"
"1954","PF05598.15"
"1955","PF05618.15"
"1956","PF05621.15"
"1957","PF05625.15"
"1958","PF05626.15"
"1959","PF05635.15"
"1960","PF05638.16"
"1961","PF05649.17"
"1962","PF05656.18"
"1963","PF05661.16"
"1964","PF05670.17"
"1965","PF05673.17"
"1966","PF05681.18"
"1967","PF05683.16"
"1968","PF05684.16"
"1969","PF05685.16"
"1970","PF05686.16"
"1971","PF05690.18"
"1972","PF05697.17"
"1973","PF05698.18"
"1974","PF05706.16"
"1975","PF05708.16"
"1976","PF05711.15"
"1977","PF05717.17"
"1978","PF05721.17"
"1979","PF05724.15"
"1980","PF05726.17"
"1981","PF05728.16"
"1982","PF05729.16"
"1983","PF05732.15"
"1984","PF05736.15"
"1985","PF05742.16"
"1986","PF05746.19"
"1987","PF05751.15"
"1988","PF05753.18"
"1989","PF05762.18"
"1990","PF05768.18"
"1991","PF05783.15"
"1992","PF05787.17"
"1993","PF05833.15"
"1994","PF05834.16"
"1995","PF05838.16"
"1996","PF05845.16"
"1997","PF05853.16"
"1998","PF05860.17"
"1999","PF05861.16"
"2000","PF05872.16"
"2001","PF05889.17"
"2002","PF05893.18"
"2003","PF05899.16"
"2004","PF05901.15"
"2005","PF05930.16"
"2006","PF05932.17"
"2007","PF05935.15"
"2008","PF05936.16"
"2009","PF05940.16"
"2010","PF05943.16"
"2011","PF05947.16"
"2012","PF05951.17"
"2013","PF05954.15"
"2014","PF05957.17"
"2015","PF05958.15"
"2016","PF05960.15"
"2017","PF05962.15"
"2018","PF05969.15"
"2019","PF05970.18"
"2020","PF05971.16"
"2021","PF05973.18"
"2022","PF05974.16"
"2023","PF05977.17"
"2024","PF05982.16"
"2025","PF05985.15"
"2026","PF05990.16"
"2027","PF05991.15"
"2028","PF05992.16"
"2029","PF05995.16"
"2030","PF06007.15"
"2031","PF06013.16"
"2032","PF06026.18"
"2033","PF06027.16"
"2034","PF06028.15"
"2035","PF06035.15"
"2036","PF06039.19"
"2037","PF06055.16"
"2038","PF06068.17"
"2039","PF06071.17"
"2040","PF06073.16"
"2041","PF06078.15"
"2042","PF06080.16"
"2043","PF06089.16"
"2044","PF06094.16"
"2045","PF06100.15"
"2046","PF06108.16"
"2047","PF06114.17"
"2048","PF06127.15"
"2049","PF06130.16"
"2050","PF06144.17"
"2051","PF06146.16"
"2052","PF06155.16"
"2053","PF06165.15"
"2054","PF06167.16"
"2055","PF06170.16"
"2056","PF06172.15"
"2057","PF06175.15"
"2058","PF06180.15"
"2059","PF06181.15"
"2060","PF06182.15"
"2061","PF06187.15"
"2062","PF06189.16"
"2063","PF06199.15"
"2064","PF06206.15"
"2065","PF06210.15"
"2066","PF06213.16"
"2067","PF06224.16"
"2068","PF06226.17"
"2069","PF06230.15"
"2070","PF06240.17"
"2071","PF06242.15"
"2072","PF06243.15"
"2073","PF06245.15"
"2074","PF06250.15"
"2075","PF06253.15"
"2076","PF06258.15"
"2077","PF06259.16"
"2078","PF06262.15"
"2079","PF06267.16"
"2080","PF06271.16"
"2081","PF06277.15"
"2082","PF06283.15"
"2083","PF06293.18"
"2084","PF06296.16"
"2085","PF06298.15"
"2086","PF06299.16"
"2087","PF06305.15"
"2088","PF06315.15"
"2089","PF06319.16"
"2090","PF06325.17"
"2091","PF06342.16"
"2092","PF06347.17"
"2093","PF06414.16"
"2094","PF06415.17"
"2095","PF06418.18"
"2096","PF06421.16"
"2097","PF06426.18"
"2098","PF06429.17"
"2099","PF06433.15"
"2100","PF06434.17"
"2101","PF06439.15"
"2102","PF06441.16"
"2103","PF06445.19"
"2104","PF06452.15"
"2105","PF06463.17"
"2106","PF06470.17"
"2107","PF06472.19"
"2108","PF06480.19"
"2109","PF06485.15"
"2110","PF06490.15"
"2111","PF06508.17"
"2112","PF06514.15"
"2113","PF06525.15"
"2114","PF06532.15"
"2115","PF06537.15"
"2116","PF06559.15"
"2117","PF06564.16"
"2118","PF06568.15"
"2119","PF06574.16"
"2120","PF06580.17"
"2121","PF06609.17"
"2122","PF06620.15"
"2123","PF06627.15"
"2124","PF06629.16"
"2125","PF06676.15"
"2126","PF06684.15"
"2127","PF06689.17"
"2128","PF06698.15"
"2129","PF06722.16"
"2130","PF06723.17"
"2131","PF06725.15"
"2132","PF06733.19"
"2133","PF06738.16"
"2134","PF06739.15"
"2135","PF06742.15"
"2136","PF06745.17"
"2137","PF06750.17"
"2138","PF06751.15"
"2139","PF06754.16"
"2140","PF06769.18"
"2141","PF06776.16"
"2142","PF06778.16"
"2143","PF06779.18"
"2144","PF06781.16"
"2145","PF06792.15"
"2146","PF06793.16"
"2147","PF06799.15"
"2148","PF06803.16"
"2149","PF06804.15"
"2150","PF06808.16"
"2151","PF06812.16"
"2152","PF06821.17"
"2153","PF06827.18"
"2154","PF06831.18"
"2155","PF06832.16"
"2156","PF06833.15"
"2157","PF06835.17"
"2158","PF06838.15"
"2159","PF06844.15"
"2160","PF06850.15"
"2161","PF06853.16"
"2162","PF06863.16"
"2163","PF06864.16"
"2164","PF06865.15"
"2165","PF06868.15"
"2166","PF06888.16"
"2167","PF06897.16"
"2168","PF06904.16"
"2169","PF06912.15"
"2170","PF06945.17"
"2171","PF06961.17"
"2172","PF06962.16"
"2173","PF06965.16"
"2174","PF06966.16"
"2175","PF06968.17"
"2176","PF06969.20"
"2177","PF06971.17"
"2178","PF06974.17"
"2179","PF06996.15"
"2180","PF07005.15"
"2181","PF07007.16"
"2182","PF07015.15"
"2183","PF07021.16"
"2184","PF07022.17"
"2185","PF07024.17"
"2186","PF07043.17"
"2187","PF07044.15"
"2188","PF07045.15"
"2189","PF07072.15"
"2190","PF07075.15"
"2191","PF07081.15"
"2192","PF07085.16"
"2193","PF07088.15"
"2194","PF07090.15"
"2195","PF07103.15"
"2196","PF07109.15"
"2197","PF07110.15"
"2198","PF07143.15"
"2199","PF07152.16"
"2200","PF07158.15"
"2201","PF07167.17"
"2202","PF07171.16"
"2203","PF07176.15"
"2204","PF07195.16"
"2205","PF07196.17"
"2206","PF07209.16"
"2207","PF07210.16"
"2208","PF07219.17"
"2209","PF07221.15"
"2210","PF07224.15"
"2211","PF07228.16"
"2212","PF07233.16"
"2213","PF07238.18"
"2214","PF07244.19"
"2215","PF07254.16"
"2216","PF07277.15"
"2217","PF07282.15"
"2218","PF07284.15"
"2219","PF07286.16"
"2220","PF07287.15"
"2221","PF07298.15"
"2222","PF07309.15"
"2223","PF07311.16"
"2224","PF07313.16"
"2225","PF07323.16"
"2226","PF07330.16"
"2227","PF07331.15"
"2228","PF07332.15"
"2229","PF07345.15"
"2230","PF07362.16"
"2231","PF07364.16"
"2232","PF07366.16"
"2233","PF07368.15"
"2234","PF07370.15"
"2235","PF07372.16"
"2236","PF07377.16"
"2237","PF07378.15"
"2238","PF07382.15"
"2239","PF07386.15"
"2240","PF07387.15"
"2241","PF07394.16"
"2242","PF07396.15"
"2243","PF07399.15"
"2244","PF07444.15"
"2245","PF07449.15"
"2246","PF07451.15"
"2247","PF07452.16"
"2248","PF07466.15"
"2249","PF07475.16"
"2250","PF07476.15"
"2251","PF07478.17"
"2252","PF07479.18"
"2253","PF07483.15"
"2254","PF07486.16"
"2255","PF07494.15"
"2256","PF07495.17"
"2257","PF07497.16"
"2258","PF07498.16"
"2259","PF07499.17"
"2260","PF07503.16"
"2261","PF07504.17"
"2262","PF07508.17"
"2263","PF07510.15"
"2264","PF07516.17"
"2265","PF07517.18"
"2266","PF07521.16"
"2267","PF07536.18"
"2268","PF07542.15"
"2269","PF07549.18"
"2270","PF07559.18"
"2271","PF07568.16"
"2272","PF07583.15"
"2273","PF07584.15"
"2274","PF07585.15"
"2275","PF07586.15"
"2276","PF07587.15"
"2277","PF07589.15"
"2278","PF07592.15"
"2279","PF07593.16"
"2280","PF07595.16"
"2281","PF07596.15"
"2282","PF07603.15"
"2283","PF07606.15"
"2284","PF07607.15"
"2285","PF07608.15"
"2286","PF07609.15"
"2287","PF07610.15"
"2288","PF07617.15"
"2289","PF07624.15"
"2290","PF07626.15"
"2291","PF07627.15"
"2292","PF07631.15"
"2293","PF07635.15"
"2294","PF07637.15"
"2295","PF07638.15"
"2296","PF07639.15"
"2297","PF07642.15"
"2298","PF07643.15"
"2299","PF07646.19"
"2300","PF07647.21"
"2301","PF07650.21"
"2302","PF07660.18"
"2303","PF07661.17"
"2304","PF07662.17"
"2305","PF07664.16"
"2306","PF07669.15"
"2307","PF07670.18"
"2308","PF07676.16"
"2309","PF07678.18"
"2310","PF07679.20"
"2311","PF07681.16"
"2312","PF07683.18"
"2313","PF07685.18"
"2314","PF07687.18"
"2315","PF07688.16"
"2316","PF07689.16"
"2317","PF07690.20"
"2318","PF07691.16"
"2319","PF07693.18"
"2320","PF07695.15"
"2321","PF07696.15"
"2322","PF07697.15"
"2323","PF07698.15"
"2324","PF07700.19"
"2325","PF07702.17"
"2326","PF07703.18"
"2327","PF07704.15"
"2328","PF07705.15"
"2329","PF07714.21"
"2330","PF07715.19"
"2331","PF07717.20"
"2332","PF07719.21"
"2333","PF07720.16"
"2334","PF07721.18"
"2335","PF07722.17"
"2336","PF07724.18"
"2337","PF07726.15"
"2338","PF07727.18"
"2339","PF07728.18"
"2340","PF07729.16"
"2341","PF07730.17"
"2342","PF07731.18"
"2343","PF07732.19"
"2344","PF07733.16"
"2345","PF07736.15"
"2346","PF07739.17"
"2347","PF07743.17"
"2348","PF07746.15"
"2349","PF07748.17"
"2350","PF07750.15"
"2351","PF07751.15"
"2352","PF07755.15"
"2353","PF07769.18"
"2354","PF07784.15"
"2355","PF07786.16"
"2356","PF07793.15"
"2357","PF07796.15"
"2358","PF07804.16"
"2359","PF07811.16"
"2360","PF07813.16"
"2361","PF07819.17"
"2362","PF07831.17"
"2363","PF07836.15"
"2364","PF07837.16"
"2365","PF07845.15"
"2366","PF07848.16"
"2367","PF07853.15"
"2368","PF07859.17"
"2369","PF07862.15"
"2370","PF07876.16"
"2371","PF07878.15"
"2372","PF07879.15"
"2373","PF07883.15"
"2374","PF07884.18"
"2375","PF07885.20"
"2376","PF07894.16"
"2377","PF07896.16"
"2378","PF07907.15"
"2379","PF07927.16"
"2380","PF07929.15"
"2381","PF07940.17"
"2382","PF07943.17"
"2383","PF07944.16"
"2384","PF07947.18"
"2385","PF07963.16"
"2386","PF07969.15"
"2387","PF07973.18"
"2388","PF07977.17"
"2389","PF07978.17"
"2390","PF07991.16"
"2391","PF07992.18"
"2392","PF07993.16"
"2393","PF07994.16"
"2394","PF07995.15"
"2395","PF08000.15"
"2396","PF08002.15"
"2397","PF08003.15"
"2398","PF08007.16"
"2399","PF08009.15"
"2400","PF08016.16"
"2401","PF08028.15"
"2402","PF08029.15"
"2403","PF08030.16"
"2404","PF08032.16"
"2405","PF08041.15"
"2406","PF08085.15"
"2407","PF08123.17"
"2408","PF08125.17"
"2409","PF08148.16"
"2410","PF08206.15"
"2411","PF08207.16"
"2412","PF08211.16"
"2413","PF08212.16"
"2414","PF08218.15"
"2415","PF08220.16"
"2416","PF08223.15"
"2417","PF08238.16"
"2418","PF08239.15"
"2419","PF08240.16"
"2420","PF08241.16"
"2421","PF08242.16"
"2422","PF08244.16"
"2423","PF08245.16"
"2424","PF08264.17"
"2425","PF08267.16"
"2426","PF08274.16"
"2427","PF08275.15"
"2428","PF08278.15"
"2429","PF08279.16"
"2430","PF08281.16"
"2431","PF08282.16"
"2432","PF08291.15"
"2433","PF08298.15"
"2434","PF08299.15"
"2435","PF08305.15"
"2436","PF08308.15"
"2437","PF08309.15"
"2438","PF08323.15"
"2439","PF08327.15"
"2440","PF08328.15"
"2441","PF08331.14"
"2442","PF08332.14"
"2443","PF08334.15"
"2444","PF08335.15"
"2445","PF08338.15"
"2446","PF08340.15"
"2447","PF08345.15"
"2448","PF08352.16"
"2449","PF08364.15"
"2450","PF08369.14"
"2451","PF08378.15"
"2452","PF08379.14"
"2453","PF08386.14"
"2454","PF08388.15"
"2455","PF08392.16"
"2456","PF08402.14"
"2457","PF08417.16"
"2458","PF08421.15"
"2459","PF08423.15"
"2460","PF08433.14"
"2461","PF08436.16"
"2462","PF08439.14"
"2463","PF08442.14"
"2464","PF08443.15"
"2465","PF08445.14"
"2466","PF08446.15"
"2467","PF08447.16"
"2468","PF08448.14"
"2469","PF08450.16"
"2470","PF08459.15"
"2471","PF08461.14"
"2472","PF08463.14"
"2473","PF08471.14"
"2474","PF08477.17"
"2475","PF08478.14"
"2476","PF08479.15"
"2477","PF08482.14"
"2478","PF08484.15"
"2479","PF08485.14"
"2480","PF08486.14"
"2481","PF08487.14"
"2482","PF08491.14"
"2483","PF08494.15"
"2484","PF08495.14"
"2485","PF08497.14"
"2486","PF08501.15"
"2487","PF08502.14"
"2488","PF08511.15"
"2489","PF08521.14"
"2490","PF08529.15"
"2491","PF08530.14"
"2492","PF08532.14"
"2493","PF08534.14"
"2494","PF08541.14"
"2495","PF08543.16"
"2496","PF08544.17"
"2497","PF08545.14"
"2498","PF08546.15"
"2499","PF08547.16"
"2500","PF08548.15"
"2501","PF08551.14"
"2502","PF08553.14"
"2503","PF08643.14"
"2504","PF08645.15"
"2505","PF08659.14"
"2506","PF08662.15"
"2507","PF08665.16"
"2508","PF08666.16"
"2509","PF08668.16"
"2510","PF08669.15"
"2511","PF08670.15"
"2512","PF08676.15"
"2513","PF08681.15"
"2514","PF08704.14"
"2515","PF08706.15"
"2516","PF08707.15"
"2517","PF08708.15"
"2518","PF08712.15"
"2519","PF08713.15"
"2520","PF08714.15"
"2521","PF08747.15"
"2522","PF08750.15"
"2523","PF08755.15"
"2524","PF08757.15"
"2525","PF08761.15"
"2526","PF08770.15"
"2527","PF08780.15"
"2528","PF08797.15"
"2529","PF08805.15"
"2530","PF08811.15"
"2531","PF08818.15"
"2532","PF08819.15"
"2533","PF08823.15"
"2534","PF08840.15"
"2535","PF08843.15"
"2536","PF08846.14"
"2537","PF08847.15"
"2538","PF08848.15"
"2539","PF08849.15"
"2540","PF08853.15"
"2541","PF08854.14"
"2542","PF08855.14"
"2543","PF08865.15"
"2544","PF08867.15"
"2545","PF08886.15"
"2546","PF08895.15"
"2547","PF08897.15"
"2548","PF08904.15"
"2549","PF08909.15"
"2550","PF08937.15"
"2551","PF08982.15"
"2552","PF09012.14"
"2553","PF09084.15"
"2554","PF09086.15"
"2555","PF09106.15"
"2556","PF09107.15"
"2557","PF09115.14"
"2558","PF09127.15"
"2559","PF09136.14"
"2560","PF09140.15"
"2561","PF09142.15"
"2562","PF09150.14"
"2563","PF09157.15"
"2564","PF09176.15"
"2565","PF09179.15"
"2566","PF09180.15"
"2567","PF09190.15"
"2568","PF09209.15"
"2569","PF09210.15"
"2570","PF09239.15"
"2571","PF09242.15"
"2572","PF09250.15"
"2573","PF09261.15"
"2574","PF09269.15"
"2575","PF09278.15"
"2576","PF09285.15"
"2577","PF09290.15"
"2578","PF09296.15"
"2579","PF09297.15"
"2580","PF09312.15"
"2581","PF09326.15"
"2582","PF09334.15"
"2583","PF09335.15"
"2584","PF09339.14"
"2585","PF09343.14"
"2586","PF09345.14"
"2587","PF09346.14"
"2588","PF09347.14"
"2589","PF09349.14"
"2590","PF09350.14"
"2591","PF09351.14"
"2592","PF09353.14"
"2593","PF09356.14"
"2594","PF09360.14"
"2595","PF09361.14"
"2596","PF09363.14"
"2597","PF09364.14"
"2598","PF09366.14"
"2599","PF09367.14"
"2600","PF09369.14"
"2601","PF09370.14"
"2602","PF09371.14"
"2603","PF09374.14"
"2604","PF09382.14"
"2605","PF09383.14"
"2606","PF09397.14"
"2607","PF09407.14"
"2608","PF09411.14"
"2609","PF09413.14"
"2610","PF09419.14"
"2611","PF09423.14"
"2612","PF09424.14"
"2613","PF09430.14"
"2614","PF09438.14"
"2615","PF09445.14"
"2616","PF09471.14"
"2617","PF09483.14"
"2618","PF09492.14"
"2619","PF09493.14"
"2620","PF09527.14"
"2621","PF09538.14"
"2622","PF09561.14"
"2623","PF09587.14"
"2624","PF09594.14"
"2625","PF09608.14"
"2626","PF09619.14"
"2627","PF09626.14"
"2628","PF09650.14"
"2629","PF09655.14"
"2630","PF09656.14"
"2631","PF09668.14"
"2632","PF09678.14"
"2633","PF09685.14"
"2634","PF09694.14"
"2635","PF09695.14"
"2636","PF09699.14"
"2637","PF09700.14"
"2638","PF09712.14"
"2639","PF09718.14"
"2640","PF09720.14"
"2641","PF09721.14"
"2642","PF09722.14"
"2643","PF09723.14"
"2644","PF09752.13"
"2645","PF09754.13"
"2646","PF09811.13"
"2647","PF09818.13"
"2648","PF09822.13"
"2649","PF09825.13"
"2650","PF09826.13"
"2651","PF09827.13"
"2652","PF09832.13"
"2653","PF09835.13"
"2654","PF09836.13"
"2655","PF09837.13"
"2656","PF09838.13"
"2657","PF09839.13"
"2658","PF09842.13"
"2659","PF09844.13"
"2660","PF09848.13"
"2661","PF09849.13"
"2662","PF09850.13"
"2663","PF09851.13"
"2664","PF09852.13"
"2665","PF09856.13"
"2666","PF09861.13"
"2667","PF09864.13"
"2668","PF09865.13"
"2669","PF09866.13"
"2670","PF09876.13"
"2671","PF09883.13"
"2672","PF09898.13"
"2673","PF09905.13"
"2674","PF09907.13"
"2675","PF09912.13"
"2676","PF09917.13"
"2677","PF09923.13"
"2678","PF09925.13"
"2679","PF09928.13"
"2680","PF09931.13"
"2681","PF09945.13"
"2682","PF09949.13"
"2683","PF09952.13"
"2684","PF09955.13"
"2685","PF09957.13"
"2686","PF09969.13"
"2687","PF09970.13"
"2688","PF09976.13"
"2689","PF09977.13"
"2690","PF09982.13"
"2691","PF09985.13"
"2692","PF09986.13"
"2693","PF09990.13"
"2694","PF09991.13"
"2695","PF09992.13"
"2696","PF09994.13"
"2697","PF09995.13"
"2698","PF09996.13"
"2699","PF10003.13"
"2700","PF10013.13"
"2701","PF10014.13"
"2702","PF10017.13"
"2703","PF10023.13"
"2704","PF10035.13"
"2705","PF10047.13"
"2706","PF10049.13"
"2707","PF10054.13"
"2708","PF10056.13"
"2709","PF10063.13"
"2710","PF10067.13"
"2711","PF10070.13"
"2712","PF10073.13"
"2713","PF10077.13"
"2714","PF10090.13"
"2715","PF10091.13"
"2716","PF10092.13"
"2717","PF10093.13"
"2718","PF10097.13"
"2719","PF10098.13"
"2720","PF10101.13"
"2721","PF10102.13"
"2722","PF10103.13"
"2723","PF10105.13"
"2724","PF10108.13"
"2725","PF10110.13"
"2726","PF10111.13"
"2727","PF10116.13"
"2728","PF10118.13"
"2729","PF10119.13"
"2730","PF10128.13"
"2731","PF10130.13"
"2732","PF10135.13"
"2733","PF10138.13"
"2734","PF10142.13"
"2735","PF10143.13"
"2736","PF10150.13"
"2737","PF10184.13"
"2738","PF10216.13"
"2739","PF10230.13"
"2740","PF10263.13"
"2741","PF10276.13"
"2742","PF10282.13"
"2743","PF10294.13"
"2744","PF10298.13"
"2745","PF10335.13"
"2746","PF10340.13"
"2747","PF10369.13"
"2748","PF10370.13"
"2749","PF10371.13"
"2750","PF10373.13"
"2751","PF10385.13"
"2752","PF10387.13"
"2753","PF10396.13"
"2754","PF10397.13"
"2755","PF10399.13"
"2756","PF10410.13"
"2757","PF10411.13"
"2758","PF10412.13"
"2759","PF10414.13"
"2760","PF10415.13"
"2761","PF10417.13"
"2762","PF10418.13"
"2763","PF10423.13"
"2764","PF10431.13"
"2765","PF10442.13"
"2766","PF10458.13"
"2767","PF10459.13"
"2768","PF10469.13"
"2769","PF10502.13"
"2770","PF10503.13"
"2771","PF10504.13"
"2772","PF10516.13"
"2773","PF10518.13"
"2774","PF10531.13"
"2775","PF10555.13"
"2776","PF10576.13"
"2777","PF10584.13"
"2778","PF10588.13"
"2779","PF10589.13"
"2780","PF10590.13"
"2781","PF10591.13"
"2782","PF10604.13"
"2783","PF10609.13"
"2784","PF10613.13"
"2785","PF10615.13"
"2786","PF10633.13"
"2787","PF10646.13"
"2788","PF10647.13"
"2789","PF10662.13"
"2790","PF10664.13"
"2791","PF10671.13"
"2792","PF10672.13"
"2793","PF10674.13"
"2794","PF10685.13"
"2795","PF10691.13"
"2796","PF10718.13"
"2797","PF10722.13"
"2798","PF10726.13"
"2799","PF10727.13"
"2800","PF10792.13"
"2801","PF10816.12"
"2802","PF10825.12"
"2803","PF10861.12"
"2804","PF10882.12"
"2805","PF10926.12"
"2806","PF10929.12"
"2807","PF10932.12"
"2808","PF10936.12"
"2809","PF10947.12"
"2810","PF10979.12"
"2811","PF10983.12"
"2812","PF10984.12"
"2813","PF10985.12"
"2814","PF10986.12"
"2815","PF10989.12"
"2816","PF10993.12"
"2817","PF10996.12"
"2818","PF10999.12"
"2819","PF11003.12"
"2820","PF11004.12"
"2821","PF11010.12"
"2822","PF11011.12"
"2823","PF11016.12"
"2824","PF11026.12"
"2825","PF11061.12"
"2826","PF11062.12"
"2827","PF11066.12"
"2828","PF11086.12"
"2829","PF11103.12"
"2830","PF11104.12"
"2831","PF11127.12"
"2832","PF11136.12"
"2833","PF11137.12"
"2834","PF11146.12"
"2835","PF11149.12"
"2836","PF11152.12"
"2837","PF11158.12"
"2838","PF11159.12"
"2839","PF11161.12"
"2840","PF11162.12"
"2841","PF11164.12"
"2842","PF11165.12"
"2843","PF11174.12"
"2844","PF11187.12"
"2845","PF11188.12"
"2846","PF11189.12"
"2847","PF11196.12"
"2848","PF11199.12"
"2849","PF11209.12"
"2850","PF11211.12"
"2851","PF11218.12"
"2852","PF11227.12"
"2853","PF11233.12"
"2854","PF11237.12"
"2855","PF11238.12"
"2856","PF11241.12"
"2857","PF11249.12"
"2858","PF11251.12"
"2859","PF11258.12"
"2860","PF11264.12"
"2861","PF11266.12"
"2862","PF11267.12"
"2863","PF11268.12"
"2864","PF11273.12"
"2865","PF11282.12"
"2866","PF11283.12"
"2867","PF11285.12"
"2868","PF11287.12"
"2869","PF11290.12"
"2870","PF11292.12"
"2871","PF11304.12"
"2872","PF11306.12"
"2873","PF11307.12"
"2874","PF11317.12"
"2875","PF11318.12"
"2876","PF11320.12"
"2877","PF11324.12"
"2878","PF11325.12"
"2879","PF11332.12"
"2880","PF11339.12"
"2881","PF11341.12"
"2882","PF11343.12"
"2883","PF11353.12"
"2884","PF11356.12"
"2885","PF11360.12"
"2886","PF11367.12"
"2887","PF11371.12"
"2888","PF11375.12"
"2889","PF11376.12"
"2890","PF11390.12"
"2891","PF11398.12"
"2892","PF11412.12"
"2893","PF11454.12"
"2894","PF11455.12"
"2895","PF11460.12"
"2896","PF11528.12"
"2897","PF11604.12"
"2898","PF11611.12"
"2899","PF11614.12"
"2900","PF11625.12"
"2901","PF11638.12"
"2902","PF11655.12"
"2903","PF11662.12"
"2904","PF11663.12"
"2905","PF11691.12"
"2906","PF11697.12"
"2907","PF11700.12"
"2908","PF11715.12"
"2909","PF11730.12"
"2910","PF11731.12"
"2911","PF11734.12"
"2912","PF11736.12"
"2913","PF11738.12"
"2914","PF11741.12"
"2915","PF11744.12"
"2916","PF11749.12"
"2917","PF11760.12"
"2918","PF11769.12"
"2919","PF11775.12"
"2920","PF11780.12"
"2921","PF11791.12"
"2922","PF11794.12"
"2923","PF11798.12"
"2924","PF11799.12"
"2925","PF11808.12"
"2926","PF11818.12"
"2927","PF11821.12"
"2928","PF11832.12"
"2929","PF11833.12"
"2930","PF11836.12"
"2931","PF11838.12"
"2932","PF11842.12"
"2933","PF11845.12"
"2934","PF11846.12"
"2935","PF11848.12"
"2936","PF11850.12"
"2937","PF11860.12"
"2938","PF11862.12"
"2939","PF11867.12"
"2940","PF11870.12"
"2941","PF11880.12"
"2942","PF11892.12"
"2943","PF11897.12"
"2944","PF11898.12"
"2945","PF11899.12"
"2946","PF11902.12"
"2947","PF11903.12"
"2948","PF11906.12"
"2949","PF11907.12"
"2950","PF11909.12"
"2951","PF11910.12"
"2952","PF11911.12"
"2953","PF11927.12"
"2954","PF11940.12"
"2955","PF11941.12"
"2956","PF11943.12"
"2957","PF11946.12"
"2958","PF11947.12"
"2959","PF11950.12"
"2960","PF11953.12"
"2961","PF11954.12"
"2962","PF11958.12"
"2963","PF11959.12"
"2964","PF11965.12"
"2965","PF11967.12"
"2966","PF11969.12"
"2967","PF11974.12"
"2968","PF11984.12"
"2969","PF11987.12"
"2970","PF11992.12"
"2971","PF11998.12"
"2972","PF12000.12"
"2973","PF12002.12"
"2974","PF12005.12"
"2975","PF12006.12"
"2976","PF12007.12"
"2977","PF12019.12"
"2978","PF12029.12"
"2979","PF12034.12"
"2980","PF12046.12"
"2981","PF12049.12"
"2982","PF12055.12"
"2983","PF12058.12"
"2984","PF12072.12"
"2985","PF12073.12"
"2986","PF12091.12"
"2987","PF12095.12"
"2988","PF12096.12"
"2989","PF12112.12"
"2990","PF12122.12"
"2991","PF12127.12"
"2992","PF12146.12"
"2993","PF12156.12"
"2994","PF12158.12"
"2995","PF12169.12"
"2996","PF12170.12"
"2997","PF12204.12"
"2998","PF12215.12"
"2999","PF12221.12"
"3000","PF12225.12"
"3001","PF12228.12"
"3002","PF12245.12"
"3003","PF12256.12"
"3004","PF12261.12"
"3005","PF12270.12"
"3006","PF12279.12"
"3007","PF12281.12"
"3008","PF12282.12"
"3009","PF12291.12"
"3010","PF12323.12"
"3011","PF12327.12"
"3012","PF12344.12"
"3013","PF12345.12"
"3014","PF12349.12"
"3015","PF12362.12"
"3016","PF12385.12"
"3017","PF12390.12"
"3018","PF12391.12"
"3019","PF12392.12"
"3020","PF12399.12"
"3021","PF12411.12"
"3022","PF12418.12"
"3023","PF12419.12"
"3024","PF12434.12"
"3025","PF12437.12"
"3026","PF12439.12"
"3027","PF12441.12"
"3028","PF12447.12"
"3029","PF12450.12"
"3030","PF12452.12"
"3031","PF12469.12"
"3032","PF12481.12"
"3033","PF12483.12"
"3034","PF12512.12"
"3035","PF12531.12"
"3036","PF12544.12"
"3037","PF12551.12"
"3038","PF12556.12"
"3039","PF12557.12"
"3040","PF12559.12"
"3041","PF12565.12"
"3042","PF12566.12"
"3043","PF12569.12"
"3044","PF12576.12"
"3045","PF12600.12"
"3046","PF12607.12"
"3047","PF12617.12"
"3048","PF12625.11"
"3049","PF12626.11"
"3050","PF12627.11"
"3051","PF12631.11"
"3052","PF12643.11"
"3053","PF12645.11"
"3054","PF12651.11"
"3055","PF12679.11"
"3056","PF12680.11"
"3057","PF12681.11"
"3058","PF12688.11"
"3059","PF12693.11"
"3060","PF12694.11"
"3061","PF12696.11"
"3062","PF12697.11"
"3063","PF12698.11"
"3064","PF12700.11"
"3065","PF12704.11"
"3066","PF12705.11"
"3067","PF12706.11"
"3068","PF12708.11"
"3069","PF12710.11"
"3070","PF12715.11"
"3071","PF12717.11"
"3072","PF12724.11"
"3073","PF12727.11"
"3074","PF12728.11"
"3075","PF12729.11"
"3076","PF12730.11"
"3077","PF12732.11"
"3078","PF12738.11"
"3079","PF12740.11"
"3080","PF12762.11"
"3081","PF12766.11"
"3082","PF12768.11"
"3083","PF12769.11"
"3084","PF12770.11"
"3085","PF12773.11"
"3086","PF12775.11"
"3087","PF12779.11"
"3088","PF12784.11"
"3089","PF12792.11"
"3090","PF12794.11"
"3091","PF12795.11"
"3092","PF12796.11"
"3093","PF12797.11"
"3094","PF12798.11"
"3095","PF12799.11"
"3096","PF12800.11"
"3097","PF12801.11"
"3098","PF12802.11"
"3099","PF12804.11"
"3100","PF12805.11"
"3101","PF12806.11"
"3102","PF12811.11"
"3103","PF12821.11"
"3104","PF12823.11"
"3105","PF12826.11"
"3106","PF12831.11"
"3107","PF12832.11"
"3108","PF12833.11"
"3109","PF12836.11"
"3110","PF12837.11"
"3111","PF12838.11"
"3112","PF12840.11"
"3113","PF12843.11"
"3114","PF12844.11"
"3115","PF12846.11"
"3116","PF12847.11"
"3117","PF12848.11"
"3118","PF12849.11"
"3119","PF12850.11"
"3120","PF12857.11"
"3121","PF12860.11"
"3122","PF12862.11"
"3123","PF12867.11"
"3124","PF12890.11"
"3125","PF12894.11"
"3126","PF12895.11"
"3127","PF12897.11"
"3128","PF12900.11"
"3129","PF12911.11"
"3130","PF12913.11"
"3131","PF12915.11"
"3132","PF12917.11"
"3133","PF12950.11"
"3134","PF12951.11"
"3135","PF12969.11"
"3136","PF12973.11"
"3137","PF12974.11"
"3138","PF13000.11"
"3139","PF13005.11"
"3140","PF13007.11"
"3141","PF13011.10"
"3142","PF13018.10"
"3143","PF13026.10"
"3144","PF13036.10"
"3145","PF13083.10"
"3146","PF13085.10"
"3147","PF13086.10"
"3148","PF13087.10"
"3149","PF13088.10"
"3150","PF13089.10"
"3151","PF13090.10"
"3152","PF13091.10"
"3153","PF13098.10"
"3154","PF13102.10"
"3155","PF13103.10"
"3156","PF13109.10"
"3157","PF13116.10"
"3158","PF13144.10"
"3159","PF13145.10"
"3160","PF13148.10"
"3161","PF13155.10"
"3162","PF13156.10"
"3163","PF13163.10"
"3164","PF13167.10"
"3165","PF13173.10"
"3166","PF13174.10"
"3167","PF13175.10"
"3168","PF13176.10"
"3169","PF13177.10"
"3170","PF13180.10"
"3171","PF13181.10"
"3172","PF13183.10"
"3173","PF13184.10"
"3174","PF13185.10"
"3175","PF13186.10"
"3176","PF13187.10"
"3177","PF13188.11"
"3178","PF13189.10"
"3179","PF13191.10"
"3180","PF13192.10"
"3181","PF13193.10"
"3182","PF13194.10"
"3183","PF13200.10"
"3184","PF13202.10"
"3185","PF13205.10"
"3186","PF13207.10"
"3187","PF13229.10"
"3188","PF13230.10"
"3189","PF13231.10"
"3190","PF13237.10"
"3191","PF13238.10"
"3192","PF13239.10"
"3193","PF13240.10"
"3194","PF13241.10"
"3195","PF13242.10"
"3196","PF13243.10"
"3197","PF13244.10"
"3198","PF13245.10"
"3199","PF13246.10"
"3200","PF13247.10"
"3201","PF13248.10"
"3202","PF13249.10"
"3203","PF13250.10"
"3204","PF13263.10"
"3205","PF13274.10"
"3206","PF13275.10"
"3207","PF13276.10"
"3208","PF13277.10"
"3209","PF13279.10"
"3210","PF13280.10"
"3211","PF13282.10"
"3212","PF13286.10"
"3213","PF13288.10"
"3214","PF13291.10"
"3215","PF13292.10"
"3216","PF13301.10"
"3217","PF13302.11"
"3218","PF13304.10"
"3219","PF13305.10"
"3220","PF13307.10"
"3221","PF13311.10"
"3222","PF13319.10"
"3223","PF13326.10"
"3224","PF13328.10"
"3225","PF13332.10"
"3226","PF13333.10"
"3227","PF13335.10"
"3228","PF13336.10"
"3229","PF13337.10"
"3230","PF13338.10"
"3231","PF13342.10"
"3232","PF13343.10"
"3233","PF13344.10"
"3234","PF13346.10"
"3235","PF13347.10"
"3236","PF13350.10"
"3237","PF13353.10"
"3238","PF13354.10"
"3239","PF13355.10"
"3240","PF13356.10"
"3241","PF13358.10"
"3242","PF13360.10"
"3243","PF13361.10"
"3244","PF13362.10"
"3245","PF13365.10"
"3246","PF13366.10"
"3247","PF13368.10"
"3248","PF13369.10"
"3249","PF13370.10"
"3250","PF13371.10"
"3251","PF13372.10"
"3252","PF13374.10"
"3253","PF13375.10"
"3254","PF13376.10"
"3255","PF13377.10"
"3256","PF13378.10"
"3257","PF13379.10"
"3258","PF13380.10"
"3259","PF13384.10"
"3260","PF13385.10"
"3261","PF13386.10"
"3262","PF13387.10"
"3263","PF13391.10"
"3264","PF13392.10"
"3265","PF13393.10"
"3266","PF13395.10"
"3267","PF13396.10"
"3268","PF13397.10"
"3269","PF13398.10"
"3270","PF13399.10"
"3271","PF13400.10"
"3272","PF13401.10"
"3273","PF13402.10"
"3274","PF13404.10"
"3275","PF13405.10"
"3276","PF13406.10"
"3277","PF13407.10"
"3278","PF13408.10"
"3279","PF13409.10"
"3280","PF13410.10"
"3281","PF13411.10"
"3282","PF13412.10"
"3283","PF13413.10"
"3284","PF13414.10"
"3285","PF13415.10"
"3286","PF13416.10"
"3287","PF13417.10"
"3288","PF13418.10"
"3289","PF13419.10"
"3290","PF13420.11"
"3291","PF13424.10"
"3292","PF13426.11"
"3293","PF13428.10"
"3294","PF13429.10"
"3295","PF13431.10"
"3296","PF13432.10"
"3297","PF13433.10"
"3298","PF13434.10"
"3299","PF13435.10"
"3300","PF13437.10"
"3301","PF13438.10"
"3302","PF13439.10"
"3303","PF13440.10"
"3304","PF13441.10"
"3305","PF13442.10"
"3306","PF13443.10"
"3307","PF13444.10"
"3308","PF13448.10"
"3309","PF13449.10"
"3310","PF13450.10"
"3311","PF13452.10"
"3312","PF13453.10"
"3313","PF13454.10"
"3314","PF13455.10"
"3315","PF13456.10"
"3316","PF13458.10"
"3317","PF13459.10"
"3318","PF13460.10"
"3319","PF13462.10"
"3320","PF13463.10"
"3321","PF13464.10"
"3322","PF13466.10"
"3323","PF13467.10"
"3324","PF13468.10"
"3325","PF13469.10"
"3326","PF13470.10"
"3327","PF13472.10"
"3328","PF13473.10"
"3329","PF13474.10"
"3330","PF13476.10"
"3331","PF13477.10"
"3332","PF13478.10"
"3333","PF13479.10"
"3334","PF13480.11"
"3335","PF13481.10"
"3336","PF13482.10"
"3337","PF13483.10"
"3338","PF13484.10"
"3339","PF13487.10"
"3340","PF13488.10"
"3341","PF13489.10"
"3342","PF13490.10"
"3343","PF13491.10"
"3344","PF13492.10"
"3345","PF13493.10"
"3346","PF13495.10"
"3347","PF13499.10"
"3348","PF13500.10"
"3349","PF13501.10"
"3350","PF13502.10"
"3351","PF13505.10"
"3352","PF13506.10"
"3353","PF13507.10"
"3354","PF13508.11"
"3355","PF13509.10"
"3356","PF13510.10"
"3357","PF13511.10"
"3358","PF13512.10"
"3359","PF13513.10"
"3360","PF13514.10"
"3361","PF13515.10"
"3362","PF13516.10"
"3363","PF13517.10"
"3364","PF13518.10"
"3365","PF13519.10"
"3366","PF13520.10"
"3367","PF13521.10"
"3368","PF13522.10"
"3369","PF13524.10"
"3370","PF13525.10"
"3371","PF13527.11"
"3372","PF13528.10"
"3373","PF13531.10"
"3374","PF13532.10"
"3375","PF13533.10"
"3376","PF13534.10"
"3377","PF13535.10"
"3378","PF13537.10"
"3379","PF13538.10"
"3380","PF13540.10"
"3381","PF13541.10"
"3382","PF13542.10"
"3383","PF13545.10"
"3384","PF13546.10"
"3385","PF13547.10"
"3386","PF13548.10"
"3387","PF13549.10"
"3388","PF13550.10"
"3389","PF13551.10"
"3390","PF13555.10"
"3391","PF13557.10"
"3392","PF13558.10"
"3393","PF13559.10"
"3394","PF13560.10"
"3395","PF13561.10"
"3396","PF13562.10"
"3397","PF13563.10"
"3398","PF13565.10"
"3399","PF13567.10"
"3400","PF13570.10"
"3401","PF13576.10"
"3402","PF13577.10"
"3403","PF13578.10"
"3404","PF13579.10"
"3405","PF13580.10"
"3406","PF13581.10"
"3407","PF13582.10"
"3408","PF13583.10"
"3409","PF13584.10"
"3410","PF13586.10"
"3411","PF13588.10"
"3412","PF13589.10"
"3413","PF13590.10"
"3414","PF13592.10"
"3415","PF13593.10"
"3416","PF13596.10"
"3417","PF13598.10"
"3418","PF13599.10"
"3419","PF13600.10"
"3420","PF13602.10"
"3421","PF13603.10"
"3422","PF13604.10"
"3423","PF13606.10"
"3424","PF13607.10"
"3425","PF13609.10"
"3426","PF13614.10"
"3427","PF13616.10"
"3428","PF13619.10"
"3429","PF13620.10"
"3430","PF13622.10"
"3431","PF13623.10"
"3432","PF13624.10"
"3433","PF13625.10"
"3434","PF13627.10"
"3435","PF13628.10"
"3436","PF13629.10"
"3437","PF13630.10"
"3438","PF13631.10"
"3439","PF13632.10"
"3440","PF13635.10"
"3441","PF13637.10"
"3442","PF13638.10"
"3443","PF13640.10"
"3444","PF13641.10"
"3445","PF13645.10"
"3446","PF13646.10"
"3447","PF13648.10"
"3448","PF13649.10"
"3449","PF13650.10"
"3450","PF13651.10"
"3451","PF13653.10"
"3452","PF13657.10"
"3453","PF13660.10"
"3454","PF13661.10"
"3455","PF13662.10"
"3456","PF13664.10"
"3457","PF13667.10"
"3458","PF13669.10"
"3459","PF13671.10"
"3460","PF13672.10"
"3461","PF13673.11"
"3462","PF13675.10"
"3463","PF13676.10"
"3464","PF13677.10"
"3465","PF13679.10"
"3466","PF13683.10"
"3467","PF13684.10"
"3468","PF13685.10"
"3469","PF13688.10"
"3470","PF13691.10"
"3471","PF13692.10"
"3472","PF13701.10"
"3473","PF13704.10"
"3474","PF13707.10"
"3475","PF13709.10"
"3476","PF13710.10"
"3477","PF13711.10"
"3478","PF13714.10"
"3479","PF13715.10"
"3480","PF13717.10"
"3481","PF13719.10"
"3482","PF13720.10"
"3483","PF13721.10"
"3484","PF13722.10"
"3485","PF13727.10"
"3486","PF13728.10"
"3487","PF13730.10"
"3488","PF13732.10"
"3489","PF13735.10"
"3490","PF13738.10"
"3491","PF13740.10"
"3492","PF13742.10"
"3493","PF13743.10"
"3494","PF13744.10"
"3495","PF13746.10"
"3496","PF13747.10"
"3497","PF13749.10"
"3498","PF13750.10"
"3499","PF13754.10"
"3500","PF13755.10"
"3501","PF13756.10"
"3502","PF13757.10"
"3503","PF13759.10"
"3504","PF13763.10"
"3505","PF13767.10"
"3506","PF13768.10"
"3507","PF13769.10"
"3508","PF13770.10"
"3509","PF13772.10"
"3510","PF13773.10"
"3511","PF13776.10"
"3512","PF13779.10"
"3513","PF13783.10"
"3514","PF13784.10"
"3515","PF13793.10"
"3516","PF13795.10"
"3517","PF13796.10"
"3518","PF13801.10"
"3519","PF13802.10"
"3520","PF13806.10"
"3521","PF13807.10"
"3522","PF13808.10"
"3523","PF13809.10"
"3524","PF13830.10"
"3525","PF13833.10"
"3526","PF13834.10"
"3527","PF13840.10"
"3528","PF13844.10"
"3529","PF13847.10"
"3530","PF13854.10"
"3531","PF13855.10"
"3532","PF13857.10"
"3533","PF13859.10"
"3534","PF13860.10"
"3535","PF13861.10"
"3536","PF13883.10"
"3537","PF13884.10"
"3538","PF13893.10"
"3539","PF13899.10"
"3540","PF13905.10"
"3541","PF13906.10"
"3542","PF13911.10"
"3543","PF13924.10"
"3544","PF13932.10"
"3545","PF13936.10"
"3546","PF13937.10"
"3547","PF13941.10"
"3548","PF13946.10"
"3549","PF13964.10"
"3550","PF13972.10"
"3551","PF13975.10"
"3552","PF13977.10"
"3553","PF14017.10"
"3554","PF14023.10"
"3555","PF14026.10"
"3556","PF14031.10"
"3557","PF14041.10"
"3558","PF14063.10"
"3559","PF14067.10"
"3560","PF14072.10"
"3561","PF14076.10"
"3562","PF14080.10"
"3563","PF14100.10"
"3564","PF14103.10"
"3565","PF14108.10"
"3566","PF14117.10"
"3567","PF14155.10"
"3568","PF14218.10"
"3569","PF14226.10"
"3570","PF14229.10"
"3571","PF14231.10"
"3572","PF14232.10"
"3573","PF14233.10"
"3574","PF14234.10"
"3575","PF14235.10"
"3576","PF14237.10"
"3577","PF14238.10"
"3578","PF14240.10"
"3579","PF14246.10"
"3580","PF14249.10"
"3581","PF14250.10"
"3582","PF14251.10"
"3583","PF14252.10"
"3584","PF14255.10"
"3585","PF14257.10"
"3586","PF14258.10"
"3587","PF14261.10"
"3588","PF14269.10"
"3589","PF14271.10"
"3590","PF14279.10"
"3591","PF14302.10"
"3592","PF14306.10"
"3593","PF14310.10"
"3594","PF14311.10"
"3595","PF14331.10"
"3596","PF14333.10"
"3597","PF14334.10"
"3598","PF14338.10"
"3599","PF14339.10"
"3600","PF14340.10"
"3601","PF14345.10"
"3602","PF14347.10"
"3603","PF14357.10"
"3604","PF14358.10"
"3605","PF14373.10"
"3606","PF14375.10"
"3607","PF14378.10"
"3608","PF14384.10"
"3609","PF14397.10"
"3610","PF14398.10"
"3611","PF14402.10"
"3612","PF14403.10"
"3613","PF14437.10"
"3614","PF14450.10"
"3615","PF14451.10"
"3616","PF14464.10"
"3617","PF14470.10"
"3618","PF14486.10"
"3619","PF14489.10"
"3620","PF14490.10"
"3621","PF14492.10"
"3622","PF14493.10"
"3623","PF14497.10"
"3624","PF14499.10"
"3625","PF14501.10"
"3626","PF14502.10"
"3627","PF14512.10"
"3628","PF14516.10"
"3629","PF14518.10"
"3630","PF14520.10"
"3631","PF14522.10"
"3632","PF14524.10"
"3633","PF14525.10"
"3634","PF14526.10"
"3635","PF14527.10"
"3636","PF14528.10"
"3637","PF14529.10"
"3638","PF14531.10"
"3639","PF14532.10"
"3640","PF14534.10"
"3641","PF14535.10"
"3642","PF14537.10"
"3643","PF14539.10"
"3644","PF14552.10"
"3645","PF14555.10"
"3646","PF14559.10"
"3647","PF14561.10"
"3648","PF14572.10"
"3649","PF14574.10"
"3650","PF14579.10"
"3651","PF14580.10"
"3652","PF14588.10"
"3653","PF14595.10"
"3654","PF14602.10"
"3655","PF14622.10"
"3656","PF14639.10"
"3657","PF14659.10"
"3658","PF14667.10"
"3659","PF14681.10"
"3660","PF14684.10"
"3661","PF14685.10"
"3662","PF14686.10"
"3663","PF14690.10"
"3664","PF14691.10"
"3665","PF14693.10"
"3666","PF14697.10"
"3667","PF14698.10"
"3668","PF14707.10"
"3669","PF14714.10"
"3670","PF14715.10"
"3671","PF14716.10"
"3672","PF14717.10"
"3673","PF14718.10"
"3674","PF14743.10"
"3675","PF14748.10"
"3676","PF14759.10"
"3677","PF14765.10"
"3678","PF14783.10"
"3679","PF14789.10"
"3680","PF14791.10"
"3681","PF14793.10"
"3682","PF14801.10"
"3683","PF14803.10"
"3684","PF14804.10"
"3685","PF14805.10"
"3686","PF14814.10"
"3687","PF14815.10"
"3688","PF14819.10"
"3689","PF14821.10"
"3690","PF14833.10"
"3691","PF14840.10"
"3692","PF14841.10"
"3693","PF14842.10"
"3694","PF14849.10"
"3695","PF14850.10"
"3696","PF14863.10"
"3697","PF14864.10"
"3698","PF14870.10"
"3699","PF14871.10"
"3700","PF14890.10"
"3701","PF14903.10"
"3702","PF14907.10"
"3703","PF14908.10"
"3704","PF14938.10"
"3705","PF15071.10"
"3706","PF15335.10"
"3707","PF15418.10"
"3708","PF15461.10"
"3709","PF15492.10"
"3710","PF15617.10"
"3711","PF15632.10"
"3712","PF15731.9"
"3713","PF15738.9"
"3714","PF15780.9"
"3715","PF15781.9"
"3716","PF15891.9"
"3717","PF15892.9"
"3718","PF15899.9"
"3719","PF15902.9"
"3720","PF15919.9"
"3721","PF15937.9"
"3722","PF15975.9"
"3723","PF16036.9"
"3724","PF16074.9"
"3725","PF16078.9"
"3726","PF16113.9"
"3727","PF16116.9"
"3728","PF16123.9"
"3729","PF16124.9"
"3730","PF16137.9"
"3731","PF16166.9"
"3732","PF16177.9"
"3733","PF16184.9"
"3734","PF16192.9"
"3735","PF16193.9"
"3736","PF16197.9"
"3737","PF16198.9"
"3738","PF16200.9"
"3739","PF16203.9"
"3740","PF16217.9"
"3741","PF16257.9"
"3742","PF16258.9"
"3743","PF16261.9"
"3744","PF16268.9"
"3745","PF16285.9"
"3746","PF16290.9"
"3747","PF16313.9"
"3748","PF16316.9"
"3749","PF16320.9"
"3750","PF16321.9"
"3751","PF16326.9"
"3752","PF16327.9"
"3753","PF16331.9"
"3754","PF16347.9"
"3755","PF16350.9"
"3756","PF16360.9"
"3757","PF16363.9"
"3758","PF16389.9"
"3759","PF16472.9"
"3760","PF16473.9"
"3761","PF16491.9"
"3762","PF16524.9"
"3763","PF16529.9"
"3764","PF16572.9"
"3765","PF16576.9"
"3766","PF16582.9"
"3767","PF16640.9"
"3768","PF16653.9"
"3769","PF16655.9"
"3770","PF16656.9"
"3771","PF16657.9"
"3772","PF16658.9"
"3773","PF16661.9"
"3774","PF16670.9"
"3775","PF16694.9"
"3776","PF16697.9"
"3777","PF16732.9"
"3778","PF16743.9"
"3779","PF16747.9"
"3780","PF16819.9"
"3781","PF16841.9"
"3782","PF16859.9"
"3783","PF16861.9"
"3784","PF16864.9"
"3785","PF16868.9"
"3786","PF16870.9"
"3787","PF16871.9"
"3788","PF16881.9"
"3789","PF16884.9"
"3790","PF16901.9"
"3791","PF16912.9"
"3792","PF16916.9"
"3793","PF16917.9"
"3794","PF16921.9"
"3795","PF16949.9"
"3796","PF16976.9"
"3797","PF16980.9"
"3798","PF16983.9"
"3799","PF16998.9"
"3800","PF17042.9"
"3801","PF17092.9"
"3802","PF17113.9"
"3803","PF17125.9"
"3804","PF17136.8"
"3805","PF17147.8"
"3806","PF17148.8"
"3807","PF17162.8"
"3808","PF17167.8"
"3809","PF17170.8"
"3810","PF17186.8"
"3811","PF17188.8"
"3812","PF17191.8"
"3813","PF17209.7"
"3814","PF17210.7"
"3815","PF17213.7"
"3816","PF17227.6"
"3817","PF17249.6"
"3818","PF17284.6"
"3819","PF17287.6"
"3820","PF17289.6"
"3821","PF17297.6"
"3822","PF17384.6"
"3823","PF17389.6"
"3824","PF17390.6"
"3825","PF17391.6"
"3826","PF17392.6"
"3827","PF17396.6"
"3828","PF17408.6"
"3829","PF17432.6"
"3830","PF17479.6"
"3831","PF17645.5"
"3832","PF17650.5"
"3833","PF17651.5"
"3834","PF17653.5"
"3835","PF17656.5"
"3836","PF17657.5"
"3837","PF17667.5"
"3838","PF17674.5"
"3839","PF17676.5"
"3840","PF17677.5"
"3841","PF17680.5"
"3842","PF17746.5"
"3843","PF17755.5"
"3844","PF17757.5"
"3845","PF17759.5"
"3846","PF17760.5"
"3847","PF17761.5"
"3848","PF17762.5"
"3849","PF17763.5"
"3850","PF17764.5"
"3851","PF17767.5"
"3852","PF17768.5"
"3853","PF17769.5"
"3854","PF17770.5"
"3855","PF17773.5"
"3856","PF17775.5"
"3857","PF17782.5"
"3858","PF17784.5"
"3859","PF17785.5"
"3860","PF17788.5"
"3861","PF17792.5"
"3862","PF17802.5"
"3863","PF17803.5"
"3864","PF17804.5"
"3865","PF17806.5"
"3866","PF17810.5"
"3867","PF17820.5"
"3868","PF17827.5"
"3869","PF17831.5"
"3870","PF17836.5"
"3871","PF17837.5"
"3872","PF17848.5"
"3873","PF17850.5"
"3874","PF17851.5"
"3875","PF17854.5"
"3876","PF17862.5"
"3877","PF17863.5"
"3878","PF17864.5"
"3879","PF17866.5"
"3880","PF17868.5"
"3881","PF17871.5"
"3882","PF17874.5"
"3883","PF17876.5"
"3884","PF17886.5"
"3885","PF17892.5"
"3886","PF17899.5"
"3887","PF17900.5"
"3888","PF17912.5"
"3889","PF17930.5"
"3890","PF17932.5"
"3891","PF17935.5"
"3892","PF17936.5"
"3893","PF17938.5"
"3894","PF17939.5"
"3895","PF17941.5"
"3896","PF17944.5"
"3897","PF17946.5"
"3898","PF17954.5"
"3899","PF17957.5"
"3900","PF17963.5"
"3901","PF17973.5"
"3902","PF18014.5"
"3903","PF18019.5"
"3904","PF18025.5"
"3905","PF18029.5"
"3906","PF18030.5"
"3907","PF18032.5"
"3908","PF18034.5"
"3909","PF18053.5"
"3910","PF18072.5"
"3911","PF18073.5"
"3912","PF18074.5"
"3913","PF18075.5"
"3914","PF18076.5"
"3915","PF18083.5"
"3916","PF18096.5"
"3917","PF18105.5"
"3918","PF18113.5"
"3919","PF18135.5"
"3920","PF18140.5"
"3921","PF18144.5"
"3922","PF18145.5"
"3923","PF18146.5"
"3924","PF18152.5"
"3925","PF18269.5"
"3926","PF18288.5"
"3927","PF18291.5"
"3928","PF18297.5"
"3929","PF18306.5"
"3930","PF18312.5"
"3931","PF18317.5"
"3932","PF18318.5"
"3933","PF18319.5"
"3934","PF18321.5"
"3935","PF18324.5"
"3936","PF18335.5"
"3937","PF18339.5"
"3938","PF18348.5"
"3939","PF18458.5"
"3940","PF18478.5"
"3941","PF18480.5"
"3942","PF18557.5"
"3943","PF18563.5"
"3944","PF18602.5"
"3945","PF18676.5"
"3946","PF18693.5"
"3947","PF18735.5"
"3948","PF18741.5"
"3949","PF18755.5"
"3950","PF18761.5"
"3951","PF18765.5"
"3952","PF18766.5"
"3953","PF18785.5"
"3954","PF18845.5"
"3955","PF18848.5"
"3956","PF18849.5"
"3957","PF18851.5"
"3958","PF18855.5"
"3959","PF18856.5"
"3960","PF18886.4"
"3961","PF18896.4"
"3962","PF18911.4"
"3963","PF18912.4"
"3964","PF18913.4"
"3965","PF18916.4"
"3966","PF18921.4"
"3967","PF18935.4"
"3968","PF18943.4"
"3969","PF18945.4"
"3970","PF18955.4"
"3971","PF18986.4"
"3972","PF18989.4"
"3973","PF19029.4"
"3974","PF19040.4"
"3975","PF19045.4"
"3976","PF19051.4"
"3977","PF19076.4"
"3978","PF19077.4"
"3979","PF19078.4"
"3980","PF19112.4"
"3981","PF19187.4"
"3982","PF19238.3"
"3983","PF19263.3"
"3984","PF19269.3"
"3985","PF19275.3"
"3986","PF19276.3"
"3987","PF19278.3"
"3988","PF19279.3"
"3989","PF19288.3"
"3990","PF19289.3"
"3991","PF19290.3"
"3992","PF19293.3"
"3993","PF19295.3"
"3994","PF19296.3"
"3995","PF19298.3"
"3996","PF19300.3"
"3997","PF19301.3"
"3998","PF19302.3"
"3999","PF19303.3"
"4000","PF19304.3"
"4001","PF19305.3"
"4002","PF19306.3"
"4003","PF19307.3"
"4004","PF19310.3"
"4005","PF19312.3"
"4006","PF19313.3"
"4007","PF19315.3"
"4008","PF19326.3"
"4009","PF19344.3"
"4010","PF19368.3"
"4011","PF19420.3"
"4012","PF19425.3"
"4013","PF19452.3"
"4014","PF19489.3"
"4015","PF19502.3"
"4016","PF19516.3"
"4017","PF19557.3"
"4018","PF19568.3"
"4019","PF19570.3"
"4020","PF19571.3"
"4021","PF19576.3"
"4022","PF19581.3"
"4023","PF19583.3"
"4024","PF19606.3"
"4025","PF19617.3"
"4026","PF19622.3"
"4027","PF19630.3"
"4028","PF19649.3"
"4029","PF19662.3"
"4030","PF19669.3"
"4031","PF19694.3"
"4032","PF19755.3"
"4033","PF19763.3"
"4034","PF19777.3"
"4035","PF19783.3"
"4036","PF19788.3"
"4037","PF19795.3"
"4038","PF19798.3"
"4039","PF19805.3"
"4040","PF19833.3"
"4041","PF19838.3"
"4042","PF19858.3"
"4043","PF19864.3"
"4044","PF19891.3"
"4045","PF19935.3"
"4046","PF19993.3"
"4047","PF19997.3"
"4048","PF20001.3"
"4049","PF20002.3"
"4050","PF20003.3"
"4051","PF20005.3"
"4052","PF20009.3"
"4053","PF20013.3"
"4054","PF20030.3"
"4055","PF20035.3"
"4056","PF20042.3"
"4057","PF20043.3"
"4058","PF20060.3"
"4059","PF20065.3"
"4060","PF20067.3"
"4061","PF20072.3"
"4062","PF20080.3"
"4063","PF20085.3"
"4064","PF20101.3"
"4065","PF20102.3"
"4066","PF20112.3"
"4067","PF20114.3"
"4068","PF20125.3"
"4069","PF20126.3"
"4070","PF20142.3"
"4071","PF20143.3"
"4072","PF20154.3"
"4073","PF20169.2"
"4074","PF20171.2"
"4075","PF20216.2"
"4076","PF20221.2"
"4077","PF20254.2"
"4078","PF20256.2"
"4079","PF20257.2"
"4080","PF20258.2"
"4081","PF20259.2"
"4082","PF20260.2"
"4083","PF20297.2"
"4084","PF20308.2"
"4085","PF20334.2"
"4086","PF20346.2"
"4087","PF20360.2"
"4088","PF20367.2"
"4089","PF20376.2"
"4090","PF20382.2"
"4091","PF20398.2"
"4092","PF20407.2"
"4093","PF20408.2"
"4094","PF20420.2"
"4095","PF20423.2"
"4096","PF20426.2"
"4097","PF20429.2"
"4098","PF20432.2"
"4099","PF20434.2"
"4100","PF20442.2"
"4101","PF20463.2"
"4102","PF20464.2"
"4103","PF20465.2"
"4104","PF20466.2"
"4105","PF20467.2"
"4106","PF20469.2"
"4107","PF20473.2"
"4108","PF20511.2"
"4109","PF20514.2"
"4110","PF20522.2"
"4111","PF20547.2"
"4112","PF20560.2"
"4113","PF20567.2"
"4114","PF20582.2"
"4115","PF20600.2"
"4116","PF20601.2"
"4117","PF20604.2"
"4118","PF20607.2"
"4119","PF20618.2"
"4120","PF20621.2"
"4121","PF20629.1"
"4122","PF20656.1"
"4123","PF20658.1"
"4124","PF20659.1"
"4125","PF20695.1"
"4126","PF20696.1"
"4127","PF20703.1"
"4128","PF20706.1"
"4129","PF20720.1"
"4130","PF20732.1"
"4131","PF20736.1"
"4132","PF20741.1"
"4133","PF20766.1"
"4134","PF20768.1"
"4135","PF20772.1"
"4136","PF20789.1"
"4137","PF20791.1"
"4138","PF20795.1"
"4139","PF20797.1"
"4140","PF20803.1"
"4141","PF20806.1"
"4142","PF20833.1"
"4143","PF20914.1"
"4144","PF20922.1"
"4145","PF20928.1"
"4146","PF20974.1"
"4147","PF20979.1"
"4148","PF21006.1"
"4149","PF21010.1"
"4150","PF21016.1"
"4151","PF21018.1"
"4152","PF21029.1"
"4153","PF21031.1"
"4154","PF21032.1"
"4155","PF21053.1"
"4156","PF21068.1"
"4157","PF21082.1"
"4158","PF21088.1"
"4159","PF21089.1"
"4160","PF21090.1"
"4161","PF21095.1"
"4162","PF21096.1"
"4163","PF21102.1"
"4164","PF21113.1"
"4165","PF21132.1"
"4166","PF21135.1"
"4167","PF21138.1"
"4168","PF21156.1"
"4169","PF21157.1"
"4170","PF21162.1"
"4171","PF21167.1"
"4172","PF21173.1"
"4173","PF21175.1"
"4174","PF21176.1"
"4175","PF21179.1"
"4176","PF21180.1"
"4177","PF21196.1"
"4178","PF21216.1"
"4179","PF21221.1"
"4180","PF21239.1"
"4181","PF21244.1"
"4182","PF21248.1"
"4183","PF21249.1"
"4184","PF21274.1"
"4185","PF21305.1"
"4186","PF21329.1"
"4187","PF21331.1"
"4188","PF21337.1"
"4189","PF21342.1"
"4190","PF21349.1"
"4191","PF21394.1"
"4192","PF21419.1"
"4193","PF21447.1"
"4194","PF21478.1"
"4195","PF21508.1"
"4196","PF21537.1"
"4197","PF21545.1"
"4198","PF21546.1"
"4199","PF21570.1"
"4200","PF21571.1"
"4201","PF21607.1"
"4202","PF21645.1"
"4203","PF21668.1"
"4204","PF21680.1"
"4205","PF21687.1"
"4206","PF21688.1"
"4207","PF21694.1"
"4208","PF21695.1"
"4209","PF21697.1"
"4210","PF21704.1"
"4211","PF21706.1"
"4212","PF21710.1"
"4213","PF21711.1"
"4214","PF21714.1"
"4215","PF21716.1"
"4216","PF21741.1"
"4217","PF21748.1"
"4218","PF21755.1"
"4219","PF21760.1"
"4220","PF21775.1"
"4221","PF21781.1"
"4222","PF21782.1"
"4223","PF21783.1"
"4224","PF21799.1"
"4225","PF21814.1"
"4226","PF21818.1"
